stress_1,stress_2,stress_3,stress_4,anxiety_trait_1,anxiety_trait_2,anxiety_trait_3,anxiety_state_1,anxiety_state_2,anxiety_state_3,wellbeing_1,wellbeing_2,wellbeing_3,wellbeing_4,sleep_hours,age,gender
0.6270694008668429,1.4130501275773018,0.34570331581845815,-0.42299963978588073,1.1459744258163505,-0.4602568291802649,1.1121954747340486,0.10429596656728368,0.291767684715137,0.8516108640395834,-1.1052468210180213,-0.07918771119252926,0.28603639230915734,-1.2655375696295477,6.961758807122201,55,male
-0.8041848226996429,-0.460817390939904,-1.0497909093199267,-0.29458021077209084,0.16433933437017945,-1.2016164708056487,-1.2558948668354766,-0.838310323349295,-0.425975912822399,-1.0980795920944657,-1.0231945519999472,-0.11661522494326704,0.2747410622267099,-0.35456474617739514,6.674261789294715,58,male
0.4485961222667083,0.5254506038249994,0.4125711837700373,0.6386592814512376,2.491080810144058,0.7929676247583716,1.234128980936756,2.0969294166182495,1.830409617646533,-0.027816770936549662,-1.6950516594358565,-1.563353739913101,-0.41271218682343314,-0.2124843575390823,7.087555436226843,24,female
1.8258528689370912,0.7686149142957788,2.6160193382150965,1.6380564118965204,2.9174454680853876,3.522230145948634,1.4828219072623068,2.1627337609819124,1.5024651836573613,1.4834351839674025,-0.9622816033933731,-1.746918500361684,-1.19669842722462,-1.187615317510692,6.094211603144568,31,male
-0.3637334074728599,-1.5068019450845713,-1.0771924967125395,0.9268122915035658,0.14708009383772463,0.36215126406214515,0.743139055784338,0.40888716035863715,0.9917413127835117,-0.06122911848162621,0.10873602147668515,0.07466068650563532,0.5387485087549306,-0.3374945759593351,6.485191109735443,42,female
-0.49273289982388213,-1.2843684253986323,0.9743978019843847,0.7628494709584539,1.4358228811891798,-0.2305761490400715,1.4472206247410457,-0.7645482500383933,-0.43633839101554706,-0.649339376199211,0.5200165808746985,-0.8626929754507575,0.3955898361415999,0.25882401188021453,3.8713113416424942,49,male
2.7055164766213045,2.405033919109642,1.5876107491480957,1.3083383975522853,1.2937396991234287,1.5325436185479508,1.5647225551309651,0.3533876826622847,1.8270872213839868,1.2451294883002957,-1.44687777912571,-2.447528720027032,-2.651189251754624,-3.002283380081319,8.460589346278551,55,female
1.1403626807343512,0.8277565509959475,0.9185233826608619,1.052461727250416,0.16183950779666909,-0.9380054147596555,0.39827012037011184,1.8979508786414785,0.15579100551824243,-0.8576771518665545,-0.9129532927076094,-0.642253951204707,-1.0666297327851768,-0.2936980107995756,7.448196670482643,39,female
-0.13404087494564,-1.3027591867724264,-0.4259586283742224,0.3720518927941813,-1.604824475386704,-0.60095077266614,-0.1260028229799297,-1.0914356434504868,0.26340064545083997,-0.7465286009538739,0.22860597334036692,0.7672855050375567,-0.9834103112073214,-0.3755270636122705,5.839816233949855,33,female
1.475734774107701,1.0679905372222984,0.8636949191266577,-0.3623205847578151,2.384971550513032,0.9607949430580411,1.290362628502314,1.3335377677050047,1.1084483100753593,0.8359496326009596,0.2835557276379165,0.03862400114651959,0.3889861080380816,1.1152132889862332,9.848102472032858,46,female
-1.3714406743195258,-0.91040103060448,-0.9531380959060072,0.0008860562023300655,-0.7091349307948343,-0.20178019675285297,-0.9635467524299941,-0.5934876225384003,-1.607993844635894,-0.7967452851497072,-0.9894092966972015,0.3710279231380885,-0.49496748392494927,-0.5270861058504104,7.13052472058858,33,male
-0.05190294907246448,0.18641378081322274,-0.030296361827267748,1.160211015312125,0.5791353182491967,0.43453556425404855,-0.17889035004286963,-0.2781937684502507,-0.20318076005062544,-0.7327880206813844,0.8597470812468604,-1.2205648947389238,1.896844290620306,-0.2472260372123048,5.445784642037205,29,female
0.15289482163808554,1.783224885838846,0.6833138688370538,-0.13111091831104071,0.7318514713442041,-0.5190679132830307,1.8421795194019237,0.24128881391010237,1.0732843654385897,0.9251447593484483,-1.0135443972974216,-0.13955003557110474,-0.6290919729768312,-1.1360966549971252,8.285106132205687,34,female
-2.8131010586086207,-0.8787379055516062,-2.2080566457045094,-2.148777401367463,-3.455539090668345,-3.45400749788608,-3.1863564135370828,-0.8474797580089146,-1.7160126117915082,-2.426089344938101,1.7058250239963204,1.797978542820782,1.3777747367469066,2.9740641853151715,7.597072324763894,54,female
-1.1300549090257577,-1.2601498824699509,-0.5536013871417802,-0.3598154021454165,-0.2446873376106245,-0.910561371146823,-0.7550657793904096,-1.2875665696340408,-2.8218767710273895,-1.7407215652749823,1.4529004803039403,1.7925849250625978,1.4835168458931718,1.080841183237086,7.591869978226329,44,male
-0.6370088642928916,-1.1756201662152943,-0.9110351049547027,-0.36173889084663957,-1.9676954936094957,0.22918825746016264,-0.20616471158234212,0.0914695154657279,-0.4870681013902717,-0.03194127010760922,0.5471909220702804,1.012731872810043,1.549709687524361,1.6373753682684629,6.361366593022614,42,male
0.3875601855825497,-2.178125415617455,-0.8318745754249548,-0.2858212420192756,-0.5202781112502524,-2.021675975865767,-0.9958671173359948,-1.398945531543633,-0.7700875956201809,0.5907703401172141,0.383884540819887,1.6003756150611734,1.847440570519256,0.4083691298439864,7.675743585667052,30,male
0.6006821334868901,-0.3442933691711482,-0.5369306079274128,0.3975264057788936,1.2967926826369136,-1.3053782741327782,-0.010481861719500274,0.20864332562329493,0.791375633461602,0.07031571440802031,0.06608749361105362,-0.7868552053213156,-0.5873669314404758,-1.5579245614075066,6.6073625646683585,25,male
-1.4628716763074332,-0.8937320664563759,-2.539574460433707,-0.47245375462728895,-1.0821686286092917,-0.9833306605391534,0.1177810397084752,-0.29490687948261873,-0.4665246828413333,-0.9041198597497131,0.734189766363621,0.9296749571846139,-0.6173490329252156,0.09113070144080598,7.833912177468763,22,male
-0.1795104320852019,-2.1684008975249625,-1.611094662339252,-2.405905718336892,-1.213878302026818,-0.9141431292580815,0.32366681621635585,-0.6890056735844271,-1.3568493317768835,-2.577962659679793,1.8563972187240454,2.2892230409144125,3.056664173223673,1.659502515167992,4.142583318984042,29,male
2.36887033828566,1.4222668744533,3.202977546546954,2.247269146052927,2.4383217448240986,1.9105947660160787,1.2077035625156332,1.0414630278146952,3.301316964207424,0.3280953008323233,-2.4008417395004313,-2.1702618130430746,-3.025867072566066,-2.035716071858674,6.349189805531216,58,female
0.4792706046599522,0.1255985303030589,0.6210252137605379,0.8905152069313625,-0.34406481490189345,-0.3142550753783171,-0.6228899247337379,-0.4929980199455246,-0.5820696290173615,-0.1476918871448759,1.1327197589392202,0.2519889303886027,0.07537784654480995,-0.4525987593720937,9.583232646712293,20,female
-0.5001210061236948,-0.49898132419446745,-0.3550644027428887,-0.5021556577764319,0.26730514198582045,0.720541827944239,-0.07573191461199169,-1.2507446328010052,-0.10848551244346788,0.13012083620771245,0.5968403181918842,-0.3426109373677536,0.0690258959204296,0.897542806278357,5.84939881689955,52,female
-1.0501620140771624,-0.8335563549471485,-0.562578128816514,-0.40898841324043034,0.28512621858785103,0.05569235084305513,-0.5714549762811414,-1.7419541622407846,-2.9029057450550226,-0.9498497108241474,3.0841932624831854,1.6217784588045359,1.5829043176291302,1.567894632692087,6.09424255376022,50,male
-1.3079361585247709,-0.9293331448983243,-1.0316652903066013,-2.119166667064039,1.6260216221660722,-1.0566086009922784,1.024924729115896,1.3815775016594225,-0.13072107428407884,-0.9082414323415857,1.2778286167053978,0.4078851396010535,0.9341540150383634,0.32742169875521127,6.3280579923250375,39,female
0.26595231710893014,-0.1868132619854137,-0.11318833606135309,-0.1361933874715156,-0.14209827821223336,-0.416649791133833,0.18793217404104062,-1.3141957647703117,-0.8861417244698165,-0.2867393650118945,0.6251722084153781,-0.006964765691868657,-0.6543769371770505,0.2832915568747286,5.177790796167035,26,female
0.7472722734819573,-1.335217494882261,-1.3985071113884602,-0.17149793147236808,-0.937771862765744,-1.512499264604053,-1.647478676194791,-2.0144806329022042,-0.7582411436610677,-0.1222820126773998,0.20139132809279625,1.2320529153968613,0.981288836895125,1.8476341672649612,3.6875788356576216,58,male
1.851799835117672,1.7591820311495288,1.5515545515953502,0.7279956534276222,1.2518376991674645,0.6272576631953718,-0.09968559795666643,1.099124802978934,0.8880424927247301,0.8580978817280185,0.08550322698347951,0.10939716556864904,-0.4591882662244882,-0.46326814539867245,6.654120402214581,35,female
-0.6307733766431193,-0.3575904739917106,0.21218813941614345,0.4984685705166244,-1.0925151965513265,-0.9296409190080754,-1.3372907766771203,-0.8978377359483868,-0.6434350604444667,0.37573037861209935,1.0454034871284223,1.7290342795494178,1.1872968185794115,0.5427380386317564,7.203789136122485,46,male
-0.7612531984634445,0.03567374090025653,0.5252090128344173,-0.21137505684709518,-0.08431207531531032,0.27951071763628643,0.839727937869615,-0.767497401249298,-0.20399080984204443,-0.31857962375272575,1.0112679881121778,0.6615189253094916,1.4654342728844982,0.15517651931046195,6.921242397192022,56,female
-0.5092096258150115,-0.11207990237326426,-0.30089698148604516,-0.2126058505273341,-0.5863267678784921,-3.189768074475899,-0.8082987921168967,-0.4617975792687693,-0.4092345553656588,-1.9789233955641348,0.44057145809825005,0.9311014701390198,0.6281647623812859,-0.15727411019914583,6.7826821570781695,44,male
0.16574344287202591,1.566902290650473,1.4173826591518148,0.689885961681541,3.7965633393352007,2.1562794556055507,1.5350424935557314,2.348856625846651,3.8624786708007157,3.7417577742264765,-1.8755316000704383,-3.3676151732753747,-1.9464920175492606,-2.9692282469520497,7.064561306275581,53,male
0.25062245428827623,0.6916006980982008,0.4954079195357032,0.007918548746962562,0.3015154280946197,0.2249549247606985,1.02038611069905,-0.902683165993736,-0.1162513977562144,-1.165104522809602,0.31993831426525465,0.38085532225872104,0.24420008151798409,0.044296417656914236,8.534262207326146,34,male
-1.4996135951210243,-1.1953048690706793,-0.9820218910929917,-1.5183397652439414,-1.8870215113810485,-1.958757287907886,-0.8693016093038095,-1.6361839100454172,-1.6245212492479069,-1.8039756277978296,1.7326339368436179,2.781382747075068,2.665075464239513,2.1059627809864407,6.714330721106175,51,female
0.983879227504295,0.8813986165637581,1.062276281153348,1.4678203242407237,1.7074355026627142,0.3577816795858234,1.2962089760751607,1.337634395605448,1.0846123333604698,-0.05157187747002223,-0.7046609565732204,-2.5623040202518075,-2.331938412810589,-0.7428291156520549,6.138876134369095,20,female
-2.410664487808848,-1.0413198730778204,-1.695893581749922,-1.5530411909054425,-2.4199516143722817,-1.735461235342018,-2.987761409843487,-1.2850978847405465,-1.2000523583509133,-2.297492527302774,1.5940907732398812,2.105487525263643,2.0755614421090325,1.6113137628035732,6.57831177266787,22,male
0.15563507120730122,-1.0044933485159635,-0.13258559670810968,-0.29591582036166786,0.3858524401656964,0.3806644463852772,-0.33562802180509455,-0.5391384090496283,0.5729006169337099,0.7028083658949636,0.7816649953084653,0.302039532681244,0.965642095634591,0.5900579952364058,7.869020139635164,31,male
-2.49325363246961,-2.044371250662706,-1.0360489386596412,-1.5421300246972178,-1.6833746561428387,-1.803686500587974,-2.0272896571226813,-1.3464491195418302,-2.5384360784658537,-1.848603502500589,1.4705309557917845,1.1517403224710159,2.1931348392250936,2.5116672132636007,9.118040317814874,20,female
-1.94066210675782,-1.144981315211741,-1.989095274718349,-1.4274552878273705,-0.8852542042686156,-2.647079294468186,-1.6212173999423216,-1.2928985680826608,-1.4508932210647003,-0.18899285878304983,1.4594712122761302,2.558274219980372,1.1280320465274123,1.8519552382595448,6.057784391246233,40,female
-2.0955845898300183,-0.2306828406236416,-1.1122687265595719,-1.2096050110499392,0.14710503342387204,-0.5953060459499172,0.8067744258861899,0.23528584744880865,-0.6259762036286092,-0.13993954084020313,1.1537071582235021,0.1597616772489523,0.15600958327309405,0.5753107965131503,7.148400680543325,56,male
0.30809594867674933,0.2373801242049432,0.4426889710777564,1.5520651151559892,0.8609800806036836,0.9977255490628021,1.0648294700209382,-0.2495380369226215,0.3637215637682501,-1.191014060410537,-1.6561660543602825,-1.4924943008717888,-1.3299009231876728,-1.3493915598437778,7.507536162903939,47,female
1.5337880046047474,-1.0240824449124206,0.3288332782351393,1.2602297420192672,1.3301810149173412,1.115760116512571,0.8360021500662437,0.47979866326436404,1.4687524682855941,1.2320442651422472,1.0884780907527016,-0.22017200323758598,0.10233126868278891,-0.7164204389416353,5.511132989906765,40,female
1.1697164533496298,-0.3772724322525522,0.12817416822540662,-0.8977488834078121,-0.21498369001961667,-0.6560158467647978,-0.9639024034361674,-0.4835181481953198,-0.20842969411366175,-0.20347231583783548,-1.4499524230922287,0.3047206478228101,0.5485245638608647,-0.7706214516524448,7.030625750819377,44,female
-0.874542662885244,-0.48958385247607333,-0.38380804473890345,-0.07177981960321761,-0.6619775119853875,-0.8957236891447867,-0.19167477124493681,-0.3751969544833454,-2.023904684707587,0.13839054198295014,-0.6246420480355446,-0.30542867996423345,-0.49149674486126577,-0.5849794758051742,4.801489213986857,27,male
-2.1355895854298352,-1.6021416687784085,-1.8702827214209523,-2.0661234825625288,-3.3720855767964117,-1.1011666689647668,-2.2766873204359,-1.1229040968837858,-0.8437580138607235,-0.537555885065537,1.4130315407936425,1.9703425998029003,1.7894568373733581,1.682849304955444,4.346424544390902,42,male
-0.2756772604633739,-1.323191838364061,0.439085167305567,-0.4193781889841488,-1.0638312146174027,-2.291164888272778,0.2837219950720812,-2.0347191066711803,-0.6154549791456003,-2.3350693511177942,0.5168939915182973,0.4795570383884437,0.19430994142879632,-0.047447714891007714,7.550119611838386,30,female
-1.8835507491402537,-0.2986854531031592,-2.3053137266420105,-0.9787240513990041,-1.6401567379888267,-0.997730246961445,-2.0081513471551298,-1.0423385529233853,-0.847060424357241,-1.1083950206627584,0.40734750068920694,-1.0470674187226008,0.3906804610756951,-0.4671606434774612,6.424187888003826,33,male
0.5646446689042642,-0.2529320547195124,-0.22655757831553403,0.1893048788092127,0.22426493442635465,0.7945964758832592,2.1433822437925047,0.8600860343786556,1.0108985647456967,2.248524390785253,-1.4822823338493163,-1.8127357162031423,-1.5900778026208149,-0.2043903366063884,7.303420611431829,58,female
0.5206523738115265,0.6630162193109591,-0.08788215316208976,-0.5642397869682341,0.4985773469322144,0.5259939777322836,0.7034029275056173,0.8688368958547132,0.12482997007857674,0.665915802350834,0.060659726056244034,-0.6200148032192769,0.2959026215484224,-0.0027496998714734433,6.973157534487475,51,female
-1.0109104744996422,-1.570727677908478,-3.0199958990265747,-2.3531424678400388,-1.5580668276463099,-0.5768641264043654,-1.5108338155657457,-1.9431583294039574,-2.5366919460552384,-1.6816328578052122,0.8233436980405441,1.320644999661516,1.2129968040118693,0.00023195190170177682,5.535399927004304,54,male
0.40942989865783036,0.02717863530313519,0.3564396690913475,-0.1617965886430724,2.4773950056883107,0.2883904288061415,0.884984556589179,0.48910293325235904,0.5641719656037573,0.9562063218364585,0.8165830272668676,-1.9960157927494446,1.4344339460657798,-0.46793810235614314,6.932118547053495,39,male
0.21002420293458335,1.5953134528851178,1.515624944068072,-0.22967971770285178,1.2793140420079616,-0.3184084673417204,-0.06043527978469368,0.17650371843239607,-0.7930518491834054,-0.06158665651699058,1.3893911411829003,2.5861535573231844,0.20528951112265204,0.8794672292006714,5.1503480424777175,34,male
-0.8626799994345418,-1.083637970934485,-0.23347164689777578,-0.29511699173949774,-1.137430243966088,-1.0133504326963674,-0.5115446609207077,-0.9913500469190644,0.22617600096513857,-1.1560177512172247,0.2910312247241752,0.05177244544617804,0.042725370441213995,0.8732686443283948,9.086458537002102,40,female
-0.047109223968747616,1.1751149453861554,0.6931976578622328,0.03067503148162809,-0.047173063626653994,-0.49021413031706706,0.11242288182243443,0.7556010129159981,1.7329136367256588,0.5694209703661258,-1.1009577102763737,-0.32043424117469804,-0.7950887107851408,-1.2003267246982903,4.966044482710054,53,female
0.8629561942135378,1.7218990411746913,0.13937608292380033,1.4989278645434403,2.2659161281950064,3.532135027206647,1.9020114384727875,1.0944783708894987,0.5834701215119008,1.1536175513523854,-0.47273692334329687,0.40993237523409753,-1.0256659171513554,0.2660634772898577,6.706322093547128,26,male
0.6871712915686188,-0.039418709556357234,-0.0014375488303400852,1.4710877455324431,0.6447277028117069,0.3611488704446878,0.8449473489011001,1.7448262421485254,1.0619583617382227,2.214738426402124,-1.746426792566294,0.1044572085070361,-1.5437076243862817,-0.5564601295811612,5.4365926179291275,19,male
-0.208964852855559,0.1262516188261965,-1.1111115574455894,-1.2545113601778637,-0.6957353884464768,-1.221135622906972,-0.7772489564627606,-0.6628299231982271,-0.7329157946632983,-1.2530983565038036,0.9715827536588642,2.2850263678533724,1.7716504522264154,1.2354457030892911,7.855631760041193,49,male
-1.015766960787525,-0.6285742555305507,-0.6759422630406475,-0.28595854493651984,-0.8520723676275294,-0.17820259728413249,-1.8113887854965847,-1.5413701271340818,-0.24848711168954746,0.9163113085985406,0.7708368092962741,1.1828910480643713,2.561443369076302,0.3244623473320738,6.5028529430777455,39,female
1.5375047098442738,0.6947082520685086,1.3897733680752467,0.8424022887846624,-0.3611249226687769,-0.41119885646577065,0.7510234921395804,0.728489808301102,1.3979307143906339,0.5519528546180777,-1.06012138972864,-0.5922863421577007,-0.8126714302610099,-1.4091858324444075,6.221999920568185,30,female
0.37214313461639953,0.7441549424860522,0.9523133978537848,0.8923312449896896,1.339262777890576,0.6263884229310033,0.21756006385862325,2.748171134709086,1.329890725951849,0.5779607490540382,-0.5446469850560465,-1.1024976933080761,-1.7945547765904908,-1.1458524647074257,8.279802317577332,25,female
-0.23445808676860913,-0.31351709975408726,-0.9975215505806262,-0.16633229318344261,-0.3253345323301406,-0.5437879584102856,-1.5733379235294296,-0.4098403460414059,-0.6699550751474876,0.540529595932653,0.009203600080119001,0.42528088330272035,0.9494451963522211,0.7327247120660993,7.044145887516328,18,male
0.05766230443399534,1.148276271049319,0.7532638247398751,1.1005881726892772,-1.0221094790460077,-0.692090730351771,-1.6402294902615102,-0.03073668009632624,1.8022257680114464,0.27816132338561006,1.4269901013592974,-0.3546167218301566,-1.2285863539124349,0.6854166710276821,7.774966668903951,34,male
-2.8576832304255158,-0.605272943847908,-0.8119598242867074,-0.823140781357997,-0.4959628075802077,-1.1880824103439913,-2.378436357621551,-0.7467303973573145,-0.9735585570911374,-0.4764139679150178,0.7482801092147696,0.8948031004395647,1.3113432224062267,2.1388413999435256,5.528011095223803,29,female
-0.3765189855784653,-2.2193231442979267,-0.19724643606631354,-1.8617144586603085,-1.910023420063285,-1.8384514883614127,-2.4167322618261555,-0.6230399979598145,-0.30351697210818684,-1.0459357878673905,0.8893814635812929,-0.2095193474991005,0.7470875251475999,0.21220258230583466,4.892774584108739,21,male
1.6733885462144575,2.0706359882644607,2.2639762988476155,1.7660070633222453,0.6333185976822027,-0.604026285370921,-0.040211739285727466,1.6025725910420747,0.3418994200392532,0.7257796747796521,-0.1735438931045118,-0.7809554258556753,-0.1716251423145111,-2.1049729553343552,7.1608119430602,30,male
0.9587005026451555,-0.008114598997067013,0.4450638583483969,1.7767333787146242,1.9836959512454906,1.6345703903542383,2.776736538685369,1.1957909271593379,2.330479575716726,2.421790779329563,-2.4625455781633923,-3.242364581081784,-1.3815617024238205,-2.0779686225166825,6.521730466757903,48,male
0.08692962138228488,0.7628184623640346,-0.5275641385223622,-0.4942641536001325,-0.2230275255833606,1.0289544198623077,-0.5676145034174043,0.10175990419252601,-0.19242927880973204,-0.20657833229696457,0.6131251413090492,0.15003865780658115,-0.3361016423294185,0.22187336188403203,7.939652008680916,58,male
1.3709865506757912,1.79852269406223,0.12952459704269037,1.0363855830962432,2.0738480306821625,1.7684105337317753,1.8799544665709904,2.3172985572234563,0.5812486098801248,0.507130868031215,-2.3159152370847105,-1.4809181442540584,-1.5609165288653721,-1.28089433724489,6.880137321006176,24,female
-0.6833080254985298,-0.35320242682858866,0.24666017294716308,0.8888043692897986,-1.3253496298701721,-0.8061639970755872,-0.6835119085944418,0.24205447386708015,1.7522496270479104,-0.44331356834061175,0.2870813930852747,-0.6265462874718359,-1.265685577769987,-0.9580722695988482,7.307613008851945,40,male
-1.4019615206752638,-1.319194648101067,-0.7051737844204234,-1.1781443202384105,-0.2368929370435614,0.3855395999379082,-0.00762069829279928,-1.1234261831189654,-0.45705618301836537,-0.7099203163105775,1.2730708276863738,0.8976742431963483,0.47352255384495723,1.3504928119750972,4.564926205088135,41,female
0.9296359683731642,-0.4003425753022697,1.0647848542502567,1.1247353260740935,0.8403366001409902,0.09590685417453904,0.9302277792490329,1.1460680500826586,0.14741109166161726,0.33295220073272547,-0.23322853078949513,2.3380617139150726,0.4011858003551647,1.2450708206352938,9.832655409421385,22,female
0.9090331158702196,1.6365909908865794,1.7338699955389283,3.4417464583222466,-0.021263392316272722,1.6931017109526183,-0.33536418425757675,1.808131503748444,0.42592191940943,0.8308988257885336,-1.442894746711585,-0.2813863758861618,-2.12497739003,-0.9662535877386242,6.753637022451953,22,male
0.8952363173042098,0.4741217658575505,0.4658524985091786,0.13955554194308173,-0.33091175033117337,-0.06553967865416449,0.8084794476453223,-0.41561778306719954,0.6277888650468969,-0.5665060752958214,0.05591314534856562,-1.381510093285644,-0.8005691736266421,-0.7716882407284971,8.046380455508798,34,female
1.0946718056202263,2.5900414414451474,2.150509663430728,1.0775478466489674,0.29489041361148804,2.5212230521784864,2.64396087336263,1.8124423968916499,1.2990200557528884,0.48251624126971693,-2.131966584956714,-1.5598402194625784,-2.419469652590873,-2.0729863526286043,5.74586249467056,47,female
-1.2166528876304978,-0.6259377530502405,-2.1277539064749824,-1.3304808584105532,-3.6673085744481284,-3.8366240483154477,-4.501362037334535,-2.8881188442198975,-2.5938685567028736,-4.258095868670497,2.7017435714833917,2.8006896540232096,3.6110721844825178,3.1073973037049245,7.4620148533260116,26,male
0.41327968532296055,1.4152073904841682,1.9009058281175402,0.9433224765194995,0.2335813152210166,1.7056375063702636,-0.2838258530406795,-0.0718559924866809,0.011236316238321054,-0.19376436418861467,-0.9061196658638881,-1.4611798562504612,0.50995702193127,0.3946739257261763,5.045732854712882,23,female
-0.6073848845353462,0.12968976799369886,-0.6021553323841307,0.361600924907172,-0.6475666812415093,0.07436799132960492,-0.6641080941586475,-0.087868197685181,0.21526260112778112,-0.5580123977931,0.24874422281369823,0.13456725196592156,0.16150611379034407,0.9443072050843377,7.6781017573895065,42,female
0.6079812005233283,-0.35379165921786104,-0.07801794236968448,0.8099461167280324,0.40807965913639876,0.9642559313425947,-0.09804858519118997,-1.6161171059391277,-0.49783302420608133,-2.1875585374700663,1.7700470057223243,0.7982179536945312,-0.8014466678652448,0.48181022899855785,6.466038873421251,36,female
0.6724481393857041,0.008255508589673388,2.6031865966050862,0.24963818333806442,0.5163650332071427,0.7234170911564365,0.9137758605283386,0.13400461276758602,-0.3025183916173071,-0.7478770328249266,-0.3922124321407927,-0.4727023828391882,-0.08315703803553368,-0.3333557179458986,7.043785755903351,33,female
-2.9588947631885354,-2.9558271038258006,-2.3869581660864703,-1.906675021156341,-1.0161823044435687,-1.525761399755928,-1.8615819087884427,-1.6659641584231926,-2.342120435765703,-1.3525821449318274,2.415142432825925,2.510488899317285,1.843999139670073,2.602299032709017,8.046961045195147,38,female
-0.49913437086624,0.03586333424032029,-0.7725601334289461,-1.0636353834591254,0.7533260960768714,0.9815363051158164,1.6567033916487273,-0.610454098380314,1.1270221883866205,1.6384667440348655,0.4330713987820939,0.9820898903999604,0.43950385495876154,1.6583284185499254,5.15118953316958,19,female
0.861462393389836,1.1883242252734976,-0.1927955471775637,1.260980783134843,-0.6622489728906551,-0.10916140520323532,0.6259707019436489,0.29437045322541855,1.71827154684603,-0.4884770412900208,-1.122521325039396,0.5283925799459963,-0.7457718503660598,-0.11791835510004656,5.9732624040808044,27,female
-0.2951290906982652,-0.4480980277293327,0.28967200535292714,1.8107069298042955,0.37339331282922816,-0.16131488090937718,1.3644357330441796,1.1194922749442426,3.200845687335369,1.805972703487275,-1.1280080028461315,-1.7205104426490934,-1.2642872155750233,-1.065898673747423,7.685986421630148,33,female
-0.7379718342204477,-1.1958727105210538,0.17984620315954314,-1.3178073405623714,-1.0030140262298604,-1.05561346085459,0.44530744666412414,0.3183244526632979,-1.3285717196123559,0.13904519636591295,1.545423322188463,1.3293773041553465,1.2538786640493609,1.0223693598929038,10.147332211820121,54,male
-0.8878883834386355,-1.2065439635412856,-2.736363271600691,-1.5727499288060427,-1.7605995521756093,-1.5496495338740832,-0.6454272102890439,-0.3881285929742884,-0.6402774632332794,-1.355659790002162,0.2837159380787983,0.8582168242888234,1.1438004974906,-1.253515879510809,6.792876498007777,32,male
0.058613774737768076,-0.230447339172708,0.6468434405609951,0.17515137053942859,-0.3916027509698988,0.07174145971754603,-0.5400210701391128,-1.6763140833037387,-2.538408480413099,-0.9386742199705861,0.671319628901367,-0.49578415576712787,-1.5323935724171505,0.35774617180501966,7.886704176885899,30,male
1.2097891942847114,0.5195576416455017,0.08951009887555239,0.8152886507379937,0.2562421722847865,0.7556274763930796,0.22388734744363137,3.4067342102608738,2.054305678051096,1.3467579940493188,-1.1184440293064175,-2.373745174428735,-2.091762411575746,-1.7395883130566319,6.83954279521228,30,female
1.009917041909302,1.5636792603924903,1.0801798988035372,1.2350486767150608,-0.7659409590900403,0.9946202587404499,0.1960408499636389,0.9527749726321059,0.3836920462307793,0.8974142612406373,0.5684849520574178,1.0519090198397683,0.07491070955533174,0.22508398925909484,9.91336839213445,49,female
-0.6338614391281174,-0.38623582762365494,-0.35501937888307694,-0.036776390294326555,-0.49356479889722477,-1.5400515244923303,0.4288650674832677,0.2525312259174395,0.7061697656955965,0.4161494187013146,-0.34368283991099585,0.1373240136925396,-0.6645063725474132,-0.5199466351784914,4.379167499552117,25,female
0.2851163234146169,0.2146990156673592,0.6368028941216584,-1.1189556040562048,0.8623977229361559,0.8359106444099881,0.8327413679137683,0.4205102491065611,-0.01552012640238587,0.9506347154525405,-2.3456024430366385,-1.144535304091381,-0.377893987352488,-1.8588325448735619,7.141931567004037,35,male
-1.1026270947160635,0.030269187276451115,-1.4708168326447617,-0.3618162085921046,0.33311509252339566,-1.3559909913325079,-1.1873030710951975,0.5746204246156311,-0.9811591732552665,0.557294814585226,-0.3322995708365144,-0.4782414553621075,-0.34757516324267423,-0.19050570263477945,4.561683949656908,53,male
-0.8303407621600829,1.2191001651537987,1.5381254425435023,0.7317951344412206,1.1581137550391882,2.080108499053931,0.9863327814494236,0.5354055094836272,-0.3821070621710198,-0.35343896764750576,0.4152234266502104,-0.5756443583820295,0.24894988727840808,0.9929908570346332,3.240142644194925,43,male
-1.0565778344773062,-1.6676398207562717,0.054847038913123036,-1.707355673067514,-1.5316832331777048,-1.308705857786703,-1.2943657621933657,0.027094513090328287,-2.208483224989647,-1.8644814505846856,1.0810683375800545,0.3004027959629284,1.0882331058970092,0.4338857524852404,7.446193079676725,27,female
1.2208216250897452,0.511340373581327,-0.3661545668855587,1.5986096387575786,-0.6683831593187538,0.27403263729124633,-0.07266026615371751,0.07150354316808993,-0.14288465244155046,-0.814582017974953,-0.7731924495087241,0.6600925626505911,0.333008181662263,2.204769759300447,7.209246694221188,48,male
-1.456440797650801,0.13575783578475115,0.33040622455576285,-0.6819429187669935,-0.11756494341030925,-0.7002755965608021,1.2852219996049,-0.28238025802853095,-2.3384762904590395,-0.04829244967487478,0.42734359127771493,-0.311931172366204,-0.8595783010571516,0.7346265257164664,6.572744593386698,50,male
-2.404914267481427,-1.9571104951019604,-2.1614902986420974,-1.128859143460887,-2.212188211722684,-0.722662715628688,-2.588479727468412,-1.8246258064109722,-1.5841447877468848,-2.673082594187849,1.5247325792627764,1.4071787554812791,1.1140119526949739,0.5210922595395352,6.84070886494037,46,female
-0.12703900477722424,-0.7416042313478343,-0.2623259431457376,-0.7557210387131286,0.8603762574544751,1.188394053026831,0.8130992574707473,0.7947413111200943,-0.25950473341000047,0.4564009827656508,-0.03086301499157787,-1.0185356672186416,0.8840263535782366,0.07343555915293844,11.647449151106887,22,male
2.3782382880607846,2.0570444786158975,0.9513949034536222,0.7421593413155116,-1.6146080603666397,0.04397949609555918,0.6778776598170405,0.8143019600403325,0.3572682396377449,0.669864118177242,0.4976991430369001,-1.1902257400031255,-0.642019133023812,-0.8623651297837059,6.612737292952849,30,female
-0.03760087061106253,0.340487147575019,-0.5011973023148648,0.5011038612523498,0.2153861955291877,0.37646489344150286,2.0571417880418683,0.37271361238981093,0.8698886708142362,-0.9697343876420211,0.4238287523691002,0.5982205741873031,-0.4639213106277943,-1.4074850284805265,7.765186541875112,18,male
-0.12528103624881015,0.17748479999117173,0.7258316220213357,0.6223569288098072,-0.11626306416242196,0.07886189810995103,-0.6101163978254143,-0.10420023324069255,0.3041577813079888,-0.5030621556777164,1.3125703721297817,0.8180894006676795,1.043406583125059,1.5150656945528063,6.025952770579178,40,female
-2.340612080220986,-1.724716488290083,-0.9495408945968777,-1.8131554733939261,-1.548048090884181,-2.171557049901078,-1.332731635405794,0.029927352242657412,-1.320138547232867,-1.0122120309671372,0.9301531509837273,0.8070117794580833,0.849783088012753,1.5735252947828926,7.442848862560905,57,female
0.2420806591614838,-0.9540064770714525,-0.8539654884513546,-0.042603571869242685,1.988982854939433,0.702748251467584,0.5026915401921384,1.0585032405313508,0.019829076433666586,-0.9142606642420792,1.5729007422884678,0.20423148117975343,0.5595539279784685,1.2899116200631393,6.642649487416573,20,female
-0.7922675920548525,0.481094579642971,0.16373789283604945,-0.5720085348960038,-0.45002634460061386,0.45975026422859555,-0.5580491497108455,-0.9543239749180763,-0.30028752113556983,-0.9947846239181402,1.3997811143483287,-0.4639478478891424,0.3598539009433818,0.3710172003888581,6.384222275905405,20,female
-1.3382213769944253,-0.5200374378005821,-1.6840780428490625,-1.207352686494673,-2.209346135192806,-0.7570805254179683,-1.5756995582709128,-1.7115901507318019,-0.794904415984022,-0.6333461163232897,1.3425901039660593,0.1631169173162767,0.9639298362083477,-0.5430076086095097,9.728347798300486,24,female
-0.7242389129330535,-0.4614299482085911,-1.055823911178237,-1.1459238159960896,-1.0064252713903121,-1.4503220272931476,-0.634417525777929,0.08956340390705032,-0.7689749091557927,-0.727332902420889,-0.33495848194890215,0.8807035776029148,2.096740105663993,0.0910086357624052,8.765777444776509,53,male
0.048145797207189256,1.0288776710554821,1.046160217504552,0.13768845200301927,-0.536316600939158,0.9600479545785301,-1.0655164271664215,0.8161224172578507,1.0155906412185447,-0.5177169446209732,-1.0308581019897236,-0.20351286376902977,-0.27421957234986083,-0.26403830536124817,7.205119971098846,52,female
1.4382449077155897,0.2527623800712835,2.3912569064944083,3.4167417842353403,1.1895514004546561,0.3407721443313353,1.7234198680062305,1.9665856015874608,0.4407083691024538,1.8927650255506703,-2.1137106163408235,-2.2196675373633443,-1.060207346054125,-2.607949343373718,3.5436820960840496,32,female
1.2406629912498846,-0.6853491579156714,0.35231741447115417,0.9746637768369429,0.4688356639234903,1.4526481216469944,1.1402994363873984,1.4387055888798248,0.051244527018156516,1.0045325654297157,0.16334086339948858,-0.9865820093432893,-0.5333136504454394,-1.95137583252951,6.458486165121146,57,female
0.5438536977599341,-0.518049297900625,0.09855758521250577,-0.628053849766901,-0.1426411203269835,-0.46799192421531954,-0.9391467409638825,1.0791735514453478,0.4405350586663506,0.6444814827846093,0.7658448807031979,0.472887938699458,-0.43271028198560874,0.12642318674637648,11.054541346607625,20,female
0.006126049774805992,0.28283366759780204,0.18227748505955516,-0.7429470684572916,0.3891040761619775,-0.5350891692936629,2.2065858053825425,-0.31445058777793355,0.10126525670341568,-0.667270276227384,-0.27542983961187184,-0.264679447231951,0.3554269769395296,0.21256474438686657,6.6540075000404375,46,male
-1.7672316644954773,-0.35020327661503226,-2.4382491900333987,-1.2256575330516524,-1.894998622754405,-2.6265111724363868,-2.285716294851119,-2.265210849189848,-1.2442325856080703,-1.2290230242209537,1.953744695668326,1.543480888723628,1.981276676608187,2.001152127416766,8.654826358080488,47,female
-1.6830684874558113,0.973075180966691,-0.16567419291939484,-0.20574956320357468,-0.5197609203674954,-0.27306765910505004,-0.3570236237299346,-0.848785144602272,-0.9116082108024176,-1.1497092761047734,-0.978552107459935,1.3630902883552865,-0.31956189390585754,0.9453600755095357,9.162913602928901,56,male
-0.08865003142377348,-0.2601911044182547,-0.08919373180039836,-0.32260819070462965,1.0049666128338834,-0.4228311564620268,1.1818579780798653,1.2945671214509236,0.4083654581817485,1.4441546038961817,1.644235068628953,1.2138543645636677,0.5121673936348212,1.0811976331294761,7.328445873783963,35,female
3.047594485525579,3.4526716558956605,2.785617290451384,2.923611467946952,2.4379402333787836,1.8161763148681582,2.080367256266422,0.6258312651321167,2.257724210123687,2.387052725423053,-2.5429989277830405,-2.073754940733339,-1.9048146381059636,-2.00319809563861,5.737267552197771,28,female
-0.15253989830476464,-1.286944372698244,-0.3552334622229777,-0.11402194079335684,1.0716116144418943,0.0611067945529819,-0.596259014049124,1.3844671235523522,0.6202737974963127,0.3891050049344973,0.2366420325939607,-0.6928060260760931,0.4498126512154689,1.0344092463635093,3.3470315023256676,55,male
2.162479371546738,-0.45256758575847955,0.11341883481176959,0.1568197409668858,1.4231045168246599,1.0292298096002317,0.7502804869402782,0.28979504300431214,-0.004884142680086134,1.104649892322428,-1.1742202583003352,-0.809487861279231,-0.6044639611397016,-2.0207443050780123,8.026244812913433,57,male
0.9499912539119985,0.1894155917202509,0.43516040282760127,0.8009893224613494,0.35984876376054675,-0.11358633775918697,0.610916192116461,1.9097443072038456,-0.6970044241708531,-1.1496680407795945,0.30437424067694746,0.24601504171882554,-0.2941697507362329,-0.14463779169826985,5.777865995764678,18,male
-1.6370944555397318,-1.545434039248884,-1.1571335507111784,-2.6643509813963773,-0.8354139537663294,-1.6225812069994472,-0.9480654017412737,0.2049204207845845,-0.9233033566351905,-0.6210846593691944,-0.9701888235359668,0.7531221194063235,0.6611596239531593,1.454642539778058,7.264225677831538,46,female
1.4340210892030534,1.614770733537581,3.202276658963495,1.5716116651442982,1.2366748171594686,1.695111696899687,0.056178965401508796,0.8556348119445987,0.6202643594094102,1.0907947263345363,-1.4592061552227984,-0.5017990526039616,-1.8073093542488523,-2.31527251585083,5.125269490615954,27,male
1.589604269829557,0.4552288690038394,0.6127742828696309,0.1897077694096091,-0.6259105847156865,1.882245199988047,0.35094222663720775,0.8895801041158118,0.902352135067381,0.7284291929730109,-0.9194918144278856,0.05950301848324768,-1.6846846627752103,-1.8974281102571697,6.602143689294697,45,female
1.9006951968604755,0.4358960422209892,1.570567803069185,1.944053902719999,0.7497144555835469,0.6064397927965006,0.5197847282405286,1.7493567508622174,2.5714053027171766,1.0385381463029786,-1.0802524559086712,0.40190599790593806,0.48663554283507304,-1.2848664731274142,7.05057858235158,48,male
-1.0385116183952934,0.4918201457091369,-0.4849962975177481,2.05796426824925,-1.1728610712940268,-2.192988493131426,-1.8185263827791838,-0.00401662982140194,-2.1928153025827744,-1.2713227928316875,2.382592413918047,1.3879040205450512,1.1836490872066094,0.7111548222124,7.402890371566447,36,male
1.9217724908992049,0.527392118678698,1.7992466167465182,1.5355494025285754,0.6944735714513688,1.07254696567164,1.026792160924123,0.2439966746003961,0.09432710270334699,2.2448150422980095,-2.0591743211646847,-1.0268695101014362,-1.5954408390220411,-0.9106500755139433,5.327766718971379,20,female
-1.383766447192399,-0.7485927824372984,-1.0429225085677751,-1.1355363676357817,-2.013851908543426,-1.2808395816038138,-0.7374749866593431,-1.5811787092346297,0.21779688187267554,-1.0843912727160583,2.1853592087703446,2.6350329865371447,0.9949474276886607,1.2149247361216153,8.795366423142028,53,male
2.2208535119451263,2.361402937417825,0.45498394176784596,1.5548061199769205,0.6356066974600125,0.5747117723999773,-0.5709184149696402,1.015204314962559,0.9755785359447537,0.9168652114480073,-0.30524293430095173,-0.2414441304469273,1.5003406452342345,-1.154063849192053,6.104657822902043,32,male
3.6308050505764067,2.2312021904656567,3.7996842271672615,3.212652925622602,3.2913378190124827,2.6162211638409087,2.843222648926238,2.8165337688687,2.1858511912271608,3.1340294850977304,-2.2951254322120533,-3.529052784440063,-3.929518531542941,-3.6063325246731055,4.488295809320132,50,female
-1.7861233823818663,-3.2441993213431712,-0.47927595226119446,-1.1789319121044515,-0.10849515772368823,-2.3178686198530967,-0.8045211664003553,-0.6237230726912701,-1.518344050738368,-1.3884090406752896,0.05383626887705745,0.20688864265180823,0.22067508029705984,1.3039112621292595,6.8364648700548045,58,female
0.6734394536110268,-0.42347495491962983,-0.6435684956206458,0.20152341564741744,-0.4359096834781586,0.530304750474932,0.5766655563937979,0.24255795224505383,-0.6881421647809,0.12409108788847278,-0.018824277644667098,0.6612424193835815,0.7853397371422065,0.5033843138058307,7.05156296353969,43,female
0.6763624658816174,1.3995353530114347,-0.6777143574399962,2.068444103893114,0.49578601887362106,-0.11935210803650059,0.14071035403643078,-0.4333779184028661,1.5253870299202883,1.5960155395589464,0.06275019872598397,-1.6078917318705481,-0.28434966048720056,-0.8299744542580332,7.2408841497576395,33,male
-0.7859038247422028,-0.012002179373340693,-0.6775858144419109,-2.174467302055897,-1.1491829310749917,-1.1806732180108817,-0.12170194640232201,-2.6361726407936157,-0.4533820156827185,-1.2961284555745456,1.1011649349453787,0.7031587783593666,1.4739924577652803,0.7264361700235654,9.04319860552762,53,male
-1.802979715292888,-3.002977403515712,-2.6215335654310232,-1.8107502336310022,-2.645450914295995,-1.5152047114723062,-1.126159085502203,-1.0787417630663034,-1.0757952414569214,-1.2023980711750917,1.2345827045642503,3.083621829999159,3.5813648026764655,3.220481081266547,6.645326744896211,50,male
-1.5435027725676345,-0.6033636578084578,-0.3976151946600849,-1.5995199050610998,-1.067749605692177,-0.4469228654871256,0.521734615340435,-1.3454664532084315,-1.7570880011876193,-1.5733136590706682,0.16330444091834173,-0.9930597447730656,0.8951283098651296,0.01639774242036174,6.820570563446843,37,male
-1.6474920135706073,-1.522724450694421,-2.5760798033466683,-0.8081482785088101,0.23584480208686953,-2.0700182482803164,-0.49260189065642396,-2.2756336574955114,-1.6684997680104736,-0.3343788437759988,1.2260501359546434,2.0297197495171613,0.21636071828433356,1.8764380819190736,5.34522342815036,30,male
1.5533361308399756,0.7581997105202678,1.4571816953426793,0.1892830004928968,-0.5694945287642516,0.6687573877335264,-0.44624004399377143,0.8987350226581192,-1.1901646611532466,0.9367871906772891,0.8582055928724068,1.0574325908820061,0.09190905020454737,0.41911804703484695,8.230830254331845,50,female
-0.4025884406603677,1.682794634726135,-1.0160660586823358,-0.46040247770934817,-0.575215201133494,-0.3759184729815484,1.1858578887418356,-0.6057944836304161,-1.727584040141418,-0.8298906678713396,0.5182965055997905,0.6719227317535256,1.2092406235945785,0.8814643954521155,7.276463596117155,22,male
1.3044278709580293,0.5349025653508199,2.0985166785739944,1.3804188552608925,1.5763464088316446,2.0963346375372236,2.4085591318199855,2.251487794177662,3.0066200171325166,1.8850273362377792,-3.758456583448418,-1.3381038110662924,-0.27071916152248265,0.03215295797743778,6.369958409058756,54,female
-0.6375313250951382,0.20867224349561023,0.04104562793491271,0.7141261839907052,0.6776571875218054,0.010846414222530631,-0.25361733047621016,-1.7166299941651502,-1.034273562813548,-2.5588945147344284,0.8428081905816904,0.47875536940019586,-0.5019118743312406,-0.26239568229325017,4.142987959801804,31,male
-0.7155928993976985,-0.6847270250773181,-1.6798698388907725,-0.36919413455343164,1.3074552165205255,-0.5455297445251288,-0.7241291158097538,-1.1658025188127203,-1.2093082403770725,-0.7019725109859323,-0.6833978099991715,1.0318199308686895,1.0126302266192706,-0.07675335873529279,9.166618292582632,44,female
1.405593441162294,0.7218764251496353,-0.3230994213566539,-0.9101761658203766,3.199400603014652,1.977684768925618,0.7444391073764819,0.6663351929691077,0.9101329280470186,-0.5186390800859623,-2.419742785325972,-0.31972742670132537,-0.8816655679577925,-1.8703074940550843,5.158480053315914,40,male
-2.0059112058602553,-1.1900499584526376,-0.778215246012574,-1.2201842881823703,-0.8350109312049259,-0.9110280475540455,-0.5187784464255927,-1.6509481434859947,-1.1895350449306619,-0.9294605096976523,-0.6665557198671994,0.3360229213935927,1.9025538022823354,1.9827958069970175,6.113082985945441,31,male
0.43644627874471376,0.6351280367266547,0.49361877625444706,-0.07721323925063772,-0.4860400389387267,-0.10023763841014777,-0.5911123426239246,0.5691473064397615,1.2127549980143126,1.7282510868270426,0.4226136580592217,0.26391074534572656,-0.2185692457243495,1.0352593094769782,7.537516766614004,57,female
2.279349769026182,1.0166413830401277,1.6998844665661204,0.4098419427626474,-0.3942955136799763,-0.8217049233314694,0.23746847540875604,1.4425965563576284,1.6138154184843887,1.2120290379590835,-1.2155875289222444,-1.4495592417559942,-1.8953225852941493,-0.13667379722247386,5.20516310707497,21,male
-2.6969532584531666,-2.452815425709591,-1.257695875420326,-2.7931162198782253,-0.886038425126275,-1.9892585335779551,-1.821204633680625,-0.8429678388820296,-2.1992635690329108,0.2956970335072895,1.6679928529358263,1.8839351187970725,2.3515632650153346,2.682716446636606,4.759735332620284,56,female
0.4567340961507237,-0.10016075407227731,-0.9548952894218259,-0.0758641131431638,-0.6197663022498333,-0.224295075411052,1.309718233268238,0.2830214879587248,0.3751330052680943,0.882956030589192,1.3830063329347997,-0.09903105181800442,0.8687909978348013,0.2723549514036906,3.8140786259490027,36,male
-1.1360274257068188,0.04274836689523248,0.7396968464740336,1.3063495844378625,0.6704551991168255,0.8212963699268939,1.0054940366681941,-0.5230347930193519,0.8262735539462808,-0.2841597275498898,0.661021551588389,1.438590221856823,0.8953341494900436,-0.040774410770654246,8.081495429358453,21,male
1.4164741142376838,0.8579319109617859,1.1897083024585786,1.4197310239448169,-0.3491608041424133,0.747981896358319,-0.37975499162633913,1.0966006270256796,0.9330826382462879,1.2427722064166538,-0.39286182609692055,-0.796228582070459,-1.533585100767307,-2.6940906967481073,6.182220632910517,47,female
-1.184652573332842,-0.7896813120981272,-1.6828004216558474,-2.017983838357624,-1.5557741073566298,-1.6389054550149609,-1.2216235076396034,-2.43473480418137,-0.4202988431869636,-0.9439487634524772,-1.0149246870897928,-0.5578496713539726,-0.45988527289679,1.3851016180543594,11.390905138709995,36,male
-1.1003855092720498,-1.8108804758274388,-2.7216160442652466,-2.1857383091676135,-2.2842317809957278,-2.1966697841841683,-2.26162461585773,-1.983719026856628,-0.13839458044561392,-3.2161764259186896,1.7634311319361387,0.8533891438667505,0.6964656721872242,2.1159012234078407,5.508467401553689,48,female
1.0961783430438767,1.0532432824890685,0.13262383340462744,0.9799764137491298,-0.20933001835214898,0.1387169061307929,-0.05520727736506925,2.2604121359493425,1.1871717853890211,0.6019324989407981,-2.337080277288218,-1.4753517565091019,-0.6318196271270238,-1.5497507482332464,5.6178234648566185,48,male
1.5800724617017399,-0.2685976942232301,0.41253299063583176,1.2292878532976579,-0.78373176739521,-1.0339954343115707,-0.6958768411316749,-0.04486214212256212,1.2623452853106383,0.5944977154210096,-0.5699350064783548,-0.10521552191561384,-0.11264473646873763,0.5202724481113493,6.151910544571898,26,male
0.6248965229587935,-1.0219694260355263,0.12986891744501666,-0.89103501685728,-0.5949119291571295,0.37826481410691315,-0.5454756805323793,-0.47243787173131685,-0.5789284589718622,-1.4876428524080438,-1.0095804610122305,-0.6674052726132003,-1.5115972063803278,-1.5164845251075567,7.364701982707734,30,male
1.0520767913551112,1.707364420247389,1.881827820920738,-0.4919276998497366,0.2539396449350238,-0.5878391336244034,-1.2079888536925674,0.7747247213127709,0.6712257900371156,0.5775954039918303,-0.8088088822028359,-0.3702454509492151,-1.6244399995946224,-0.9628030043311137,6.294694991822033,31,male
-1.0368187336421275,-1.8069003553500957,-2.188710727782354,0.13678787801398484,-1.941365303210921,-3.2028531015923063,-1.2573196251298902,0.4439802156621171,-0.11081949094950877,-0.60735991969425,0.9826508024802136,1.5036998912074813,0.6240249173148764,0.8299156916773005,7.918498321003768,27,male
0.2370605499524439,0.02664051786575189,0.4758146914276875,0.7570068790795584,0.91345359437463,0.496699155829659,0.36664924967180634,0.048833348662852494,0.49898021826205374,-0.8084351508451447,0.5837088797862607,0.8260222010173546,-0.8907652193973727,0.5943978809065305,5.5321174150170185,48,male
0.2648823545356446,-0.3890192417179836,-0.8487317469767224,-0.5798612482009956,0.6709444354966005,-0.908607645708071,-2.2322410541188775,-0.46665533411015625,-0.6958668274202284,0.30086890207010364,-0.08891958046481507,-0.35252889323473485,-1.1537053512856346,-0.625829151092326,4.9276124223046285,54,male
-1.3175688212548604,-0.1486811689379678,-0.8562455163200624,-0.7365474738718352,0.24260215923295042,-0.5400534564303342,2.0389200315434914,-2.428409301686652,-0.9057098620675782,-0.549052180711722,0.9272803461221121,-1.5536788391937804,-1.3748509778105351,-1.596819251823944,4.302677890886339,40,female
1.9301820145562076,0.3172873813823909,2.433080504235588,-0.03276408614433657,1.60989023806188,1.2462348148294007,2.874572219536872,1.9254041661647083,2.8765346327513797,2.011921610854456,-2.359604393971285,-2.275885707073829,-2.4276320435925536,-2.085993274401971,3.664638748094205,44,male
0.8785300346276722,2.1526357332640957,-0.3383214958746368,-0.041425385679886816,0.4048837451330489,0.6428369130423035,0.30284047531172725,2.4896506586420903,1.374242465701639,0.8333497078951908,-0.9366468086769796,0.46413189972555147,-0.7950191670412082,0.45627398110223916,6.222896470787415,23,male
-2.172707945571988,-0.7288883835300033,-3.2910778495152333,-1.23865332888608,-0.7946747414407583,-0.6904338075194937,-1.6073090524748366,-0.7253524965301592,-0.24611238755514375,-0.505493913679134,0.6241062435370703,0.41578166284833196,-0.6870557317911399,0.43139622871779454,6.548529531410167,43,male
0.8555296551297372,0.21388190222981723,0.19687836509695164,0.7046037600158863,1.1425838900056757,1.2259376800438113,0.18655050521603211,0.4556511571621774,0.3053380635819374,0.9474006949244604,-1.1264696677419324,-0.2127103907076292,0.8509395126543849,-0.022293063631891763,6.052844458775225,19,female
0.9296614433687789,-0.030744904200527265,0.3133978824443298,-0.7020462703739031,-1.6343505895715273,-1.6870529550972262,-0.07549456887860284,-0.3633746973662593,-0.06390214730655175,-0.37364981609936726,2.004399283546399,0.7439029249685305,1.843805257361285,0.2351561056689866,8.865108695780743,30,female
0.7220684108345612,1.0046042321286761,1.0877227082015046,0.8646973927106677,1.1868031668967607,1.1672224476846247,2.176191597406311,-0.6449511093366072,-0.44169921982101756,-1.2144152818769183,-0.6956914812035706,-1.2183071479211993,-1.0427524490058977,-0.5158214092308043,8.842045314412204,36,male
-0.6765656042949049,1.173518524876648,1.673780359286619,0.16093558676940012,1.667033343256305,2.117274630988507,2.5483234579143685,1.163868368611365,1.0673409184123934,1.9265989650512823,-1.4947088523121206,-1.1851462396326047,-0.9081104171428005,-1.5359627133623315,6.4977955188332475,18,male
-1.1391677539507021,-0.2620414528195596,-1.4634299387389338,-0.5349237340125775,-0.3917606109039718,-1.3549325266282366,-0.15224081728429417,-1.1142432667663669,-1.4675745043815482,-0.8537027521629251,0.004226843105150202,0.5504810580337904,0.6263734107858392,0.8570344359842295,4.309118330212056,57,male
1.8151082869916833,1.2961352306013207,1.3833633782142214,0.28046967874479,1.824037907778397,0.7299589246240705,1.6607135376409063,0.9401887247209838,0.08796799413453837,0.3645153175145446,0.13780181801807245,-0.8240717820350867,0.4686697199293576,-0.3430462848286791,6.1499423379174205,49,female
0.2862884835606694,0.365002604048561,1.1370513859044693,0.016625539757732455,-0.15427321542366423,-1.1650874503526487,-0.8745150928395968,-0.1347247440230135,-0.5900702127959279,1.3215035170161282,-0.602468601712023,-0.6570435848496512,-1.0650692321120383,-0.008994140014354557,6.100267909124408,39,male
0.42963194740976507,0.9910066158010744,-0.11586779878835918,0.43207273366304233,0.21755585583294745,0.5316193201543975,0.516289556471449,-0.5080367969607378,0.307249237238699,-0.19322223165573194,-1.2848792038407235,-1.4933366991396437,-0.07123768096175764,-0.07431513143894974,6.014297556582913,46,female
1.9222043928178478,2.169655539120142,2.4993031158208843,2.7313422069541597,2.161516654873282,2.8928307434157943,2.8745428772120722,3.3896619286975382,2.685277367709294,2.4998912856813025,-1.197680619854074,-1.5799555198956785,-2.7469606751354,-1.8792939596055738,5.953421644152632,19,male
0.0777953287450529,-0.647074486055011,-0.8635645715135043,0.09027709185153143,-0.18449950945461707,-0.626508213907177,-0.8770550480171652,-0.013946794925639272,-1.3117014422128066,-0.9499786338632514,-0.5755718980561096,-0.18237203990450845,-0.9113566925109139,0.21492989441266624,6.019805656412789,57,female
-0.6589317869388642,-0.2480062168728845,-1.0987111558509817,-1.2058796836500192,1.012774466383318,-0.13868873492217626,-0.0005691795635504038,-0.9675288096492431,0.1573058163358816,-0.4241946383479491,0.3362310591671346,1.3282636889323673,0.8182303988641872,-0.3874137736139445,6.42018757615336,55,female
-1.1942927476201313,-0.6115505726047419,-0.7836667397245098,-1.0002736817293254,-0.9817538848179419,-1.1976607043855325,-0.5996181521541657,-0.21169732148775933,-0.5125703242547843,-2.132529903909808,1.2596557057909732,1.8731648950424478,1.7065722965495116,0.801091122196981,6.046688351776665,28,male
-2.223547955603512,-4.025042911598227,-2.3078308622127173,-2.9807848575767117,-0.7761729804265332,-0.6712713387330942,-1.153658621418395,-0.9255894582235226,-1.0705997762814963,-0.9595191305255824,0.5297299477446589,1.6149323497313894,3.483200806508089,1.2985012436255268,7.312483762938388,34,male
-1.1089279448440557,-0.3755666969425477,-1.3076928959265086,-1.0444708941181313,-1.2218167529077917,-0.6828901838489532,0.2756831034618945,-0.5860932086417023,-1.115000121398399,-0.8031756041279735,-0.27266651106742656,-1.3147629748347187,-1.4486565476147235,-0.8496936317445325,7.540553073857292,25,male
0.3789019793899545,1.1609044448420487,1.0484958007805234,0.989445876609685,0.41819678816996914,1.3706487393204414,0.08500565315238828,-0.8321363195138418,-0.4017773426346428,-0.2056072937530373,-1.8865080465913289,-2.6080611881683504,-0.6586888941984623,-1.41010657928019,5.634032369226265,39,male
2.22993763870927,1.0860785265685329,0.3381024988766992,2.9337298198016435,0.5658545274289859,-0.11395613281008998,0.08568447604906193,-0.4649237781080746,0.462663609350777,1.4709373719098242,1.0348423110005869,-0.5715315867019689,0.1720334937613121,-0.22705353793078586,8.90659798901055,21,male
0.4770409008098967,0.43070231209561455,-0.05741236096179514,-0.07571168878407986,-0.5947075027964879,-0.4846337770563288,-0.8571380968991829,0.9103846237481116,0.6595032773924836,1.0325092884355536,-1.60570079595524,-1.8935294650410188,-0.383493990245135,-2.3019821000057497,5.5299065472390785,28,male
1.1532913379836378,1.0881592773959996,0.7768416714753426,1.3262044405324964,-1.0061211583872445,-1.377316329465501,0.33390418874581296,-2.0470904722888137,-1.019470720260865,-2.425450610053193,0.137400061086337,0.617390478015188,-1.3768809470697405,-0.8152383950373021,4.573299079276994,25,male
2.674080390774801,2.2724276779150854,0.8050033298180257,2.3069602958551503,0.8623290698533442,0.9787932565616189,-0.14417809990666264,0.37956581478832674,-0.16574330584714625,2.668925253723877,-0.1594985870529798,-0.8525045224004164,-1.8175205764482736,-0.7982161171123673,7.571167107047578,26,female
1.9736011996932352,0.7337692035131366,1.7412023216261112,1.4712290541327584,-0.097338637959518,0.380845173146606,0.5056396925338686,-0.9671885442757738,0.21388020526838847,0.6924190205138072,0.5648546313124875,0.2345722302339155,-0.5812633128470146,-0.981874868429719,5.773887798378491,43,male
2.9778224034042733,3.5648932232940815,3.603770527304673,4.5109909612435,2.8993749024804956,3.391444877275727,4.000949793448948,3.08503125269274,2.931346659898546,2.601730639301265,-1.631242656049479,-3.3614590160707385,-1.7518894778484915,-1.7961867442860138,7.481937206136082,19,male
0.8443196152602496,-0.1184511621542772,-0.6463561581287947,0.822182382849427,-0.8522440150958474,1.3994133266512576,0.5029914373437981,0.34611695837076617,0.8949039979029176,0.5613308238547352,-0.44861507214616125,-1.1252809125474548,-0.7354612986722204,1.0434834849223036,3.3944970983492047,33,female
-1.3518647011901368,-2.300660492068747,-1.809223033351454,-1.0625163397489454,-3.0093198426158794,-1.159329953617578,-3.3470256972504417,-1.2604737578059517,-1.5205261808032315,-0.9084535328236122,0.2097081489090406,1.2341576958558322,1.074539893082825,1.3293414410199986,9.088683912224601,48,male
-2.5067069607009884,-2.312817715402874,-1.038239076056738,-1.9113001153021802,-1.3055991970581535,-1.653362452529389,-1.133710965935234,-1.9615144099392068,-0.05663775230900736,-1.6985041255358981,3.1792708882658367,2.350288483361674,2.868372837474404,3.300025661078234,8.008440112060603,23,male
0.8112557303819189,1.1878796638447278,-0.10261163862098033,1.440702450869836,1.1081458981225834,0.5562128308558068,0.7428363749829234,0.7002827796179576,0.1826980215673757,1.6593880741630584,-1.2749765308622045,-0.8883735718247725,-0.3656255978731054,-0.5115403628919462,4.749285176255498,38,male
-1.4269660117798644,0.06554937379525805,-0.926721141584574,0.16589030569961594,-1.866820951267995,-0.4897069517425548,-0.6509863153105704,0.29256384527252766,0.8853221892517628,-0.45772566054428926,-0.1314357801684929,0.9899001223505901,1.727661819093112,1.4117673474210166,4.781834314230571,43,male
0.8342492112163494,0.36203343336135996,0.3263162645695824,-0.43510046195409374,0.9045797335632615,2.185793289696731,0.893737981203633,0.5436349654916854,0.7719980380729534,0.6459679228046109,-0.09859594936586508,0.5807042604062242,-0.273275563270106,-1.0711295152162972,9.508398856146291,36,female
-0.1752809256565936,0.6575182332458795,0.6983245389500984,-0.7735218537668556,0.5218252022858021,0.05244664934957888,1.9613353410523426,1.2098301766647672,1.5900887622299553,0.5079839565609068,-0.3796627421046926,0.022903295649918803,-0.6741946771122627,-0.27340516678953475,5.893930144753062,45,female
-0.4727911553530827,-0.25227811348359935,-0.7896801346952171,-0.7556893606410302,1.128597571703259,0.7823495095297232,0.6222101405685643,-0.5731084134305717,0.10242670569749715,-0.9563042359613728,0.18854006279401014,0.9021433728809477,1.807948070497137,-1.0638136332759318,5.748722726901065,25,male
0.1950786095501769,-0.45226001718818915,-0.42148003681627166,-0.563249895610475,-1.151391841996733,-0.25680886472159015,-1.5290714538623984,-0.8495708710389989,-0.17862591576092812,-0.8742292618279878,-0.14772719091754716,0.9976136357132018,0.4391864276770901,1.6930976244308975,3.6009218587760756,31,male
-1.2552608278039936,-0.7716815649393809,-0.07836844302218404,-1.118494548441888,-2.0772354021252104,-1.0645935502425996,-3.4636471101606627,-0.7007275231071093,-1.8841755244153218,-1.2033125436669172,0.8001014018904107,2.8126150342045677,1.7754312392926719,2.216365075386693,6.473832691597669,41,female
-0.039815611692637476,0.10978539493404776,0.7667284919329755,0.41570542155356766,-0.1328258444395039,-0.5184864573413763,-0.4606179648275679,-0.07199952149910471,-1.2513498793985216,-0.12189706452059251,0.618600506809034,-0.7930483615567386,1.7781149751251535,0.2892769517934903,6.658420577746371,54,male
1.2639383041327181,2.124374794637987,2.281571499315742,1.2762597052077322,-0.5311538979600123,1.4588681496111413,0.8108228923597212,0.5490980033170153,1.8321406771582955,1.4117353529132155,-1.0250922698370364,-0.71700036884736,-0.8755748716882461,-1.3730226736775901,8.073239645154228,43,female
0.862686006174084,1.0850172579862631,0.31250059774953,0.22280153103591072,0.8876282143701067,1.9470394483050806,0.6972225938822121,0.757947795197843,0.498472063831195,0.8049466629591016,1.4585142506427458,0.7122383055017629,-0.2547112895821473,0.2648964000494345,4.901382357723287,48,female
-2.618566655548844,-1.1805681863353752,-2.242166884524768,-1.6357649650102433,-1.733335512802741,-2.3164622404757305,-2.258834765419504,-1.3882314579794874,-1.0646749042713908,-1.5926736845601708,1.6828349908194125,1.7107466525822825,0.6712579276965027,1.581863930287601,4.719569811639086,49,female
1.0232086701684988,1.1807567097651186,0.3534318798964149,1.5286445820297097,-0.011559296580736511,-1.4418755176256008,-0.009297641599646245,0.5450170937452814,1.4038273042903282,1.1272656695608037,-0.4894522551944622,-0.8160024893035434,0.5700794253123584,0.43161108020503214,7.676443952164715,58,male
2.0120227009119653,1.4038775683926654,1.0205322752571964,-0.9180501322180575,3.6602602009007175,-0.4041132173401458,2.266501634437449,0.11703135317059313,-0.3774095797915587,-0.6053031882148088,-0.43171420026218654,-0.3272527483972978,-0.41136310674635407,-1.5129176085131113,8.510095106840597,19,male
-2.1027124405882636,-1.4210453948387032,-1.1096017587422826,-1.8271707197000688,-2.3625140707784724,-0.4047365929265286,-0.3327842974184767,-0.9595744851628615,-0.42769621269560754,-1.4750098088018238,0.5674045196769131,0.7082816970621313,0.2659957658958008,0.49690126288586134,4.643271473323175,42,male
-0.4158657124636722,-0.5587564889556786,1.0396747819662244,0.2064543514993547,1.701763109464616,-0.8237296910091685,0.4608134995002993,-0.6969098891686032,-1.2583015658445496,-1.520315286316797,0.2512669888491449,1.5395050155298349,-0.10835503388632717,-0.8332023654042555,8.622271129449611,19,female
-0.01986491348513819,-0.4937472830070134,0.07571465652891868,0.46045486125242413,-0.1288453570690184,-0.18825543054531546,-0.055837423226075794,-0.17897853391012486,0.42385400684618035,1.2724117971947577,0.6304181751644529,1.1076235681076627,1.029424238982439,0.6213743099028952,7.056312762230232,59,male
-1.7086629159550726,-2.3558020146773053,-2.8865263745446637,-2.1787018765671347,-0.926961995000644,-0.8219729971554781,-1.3777634220086603,-1.6808412387746117,-0.9191307841126245,-0.30977409998357386,0.48613156039763905,0.22087723972356932,1.0096830270147477,1.135818959516929,8.637708008611968,18,male
1.0663172036055955,0.3482513416320369,1.557239466520147,-0.49271076011520787,0.7950706916254127,0.956552139117222,1.6533779020527835,-0.11518737240373822,-0.19336288773474575,1.1979060812096058,-1.5762490524491348,-1.1778746291051454,-1.0273107115435791,-1.012984558830228,6.894669457723575,53,female
1.857923837706664,1.414329777102437,0.8168504074832105,1.949290858779595,0.005796728880916979,0.600573567188468,-0.13635724990636455,-2.007532935881207,-1.4325290927029144,-0.13699225708035223,-1.304101835193149,-0.6098480259732891,-0.5113260621172414,-0.36496894748863773,3.2165831237680744,29,male
0.8280724842589453,-0.1709264884342665,0.11498756589906034,-0.060986215912234076,0.7322285818786376,1.2867145307063665,1.1627675279457566,1.2751407110113049,3.072989620254838,1.5117406478772488,-0.02381039541331237,-1.747149386684789,0.11033001186016156,-0.6399117831320258,6.772048926525942,26,male
2.1120765597495446,1.1197135996328602,1.5104268147563746,0.5025200090169356,1.053320522583488,1.7178704770017568,0.8585029389991414,1.0956309927202064,1.604341069966673,1.2280238218600024,-0.2897404301546796,-0.9253885308933757,-0.3068267249549143,-0.015104055450572695,8.590215728006905,53,male
-1.4161175926680458,-3.028520919385654,-0.3060234096692296,-2.140032425317261,-2.656939069343424,-2.2615389481904065,-1.946166416641321,-1.4485292204326516,-0.8674256637173972,-0.9112000594565477,2.2798476784346624,2.388673568135221,1.6955832104275466,2.168825182949247,5.6593809713744285,58,female
-1.3502680900304505,-1.032082136636414,0.9955552574062818,-1.3105554821565655,-0.5670056843842066,-1.5663076985704143,-2.053136985168313,-1.098247878516121,-1.287591582518863,-0.8649605307584485,0.4693658831839533,-0.3325349877233641,1.3169061147255907,0.7138359720465449,6.418052546638822,45,male
0.6896398959311371,0.21968213784278215,0.6435444464845531,-0.2044829600875237,0.33476606960583843,0.0852405413359395,0.8521843055578839,0.8457218438667379,0.6154524657944243,0.7407652569534062,-0.24108627845535624,-0.49200274484416695,-1.3162644811704303,-2.1156068053441794,6.735799744673533,55,female
1.4117079204989518,-0.49017147567543257,-0.04644706703197071,-1.4621056738970475,-0.5166368972477803,0.8555459083842972,0.23170885978170166,-1.3908747800812569,0.9366865394049682,-0.2823818525616761,-0.1020020711438378,0.5783232498245713,-0.35928264696854073,-0.028124945183673367,2.6507291801972777,50,female
0.44646487781065997,1.000780468181145,0.9134624542148466,1.167254838099454,0.8279167484957386,1.7732047609693526,1.493094077698407,0.6616461149133281,0.06291640150223066,0.5817991689508384,-0.0076991396820719205,-1.1903509311068423,-1.207667094959457,-0.04731919348969382,9.507021363156214,59,female
2.7550859191797534,4.093555528787793,4.058615230560887,4.329668961344308,4.28543229134877,3.7212855630679247,3.0319076250375523,5.3773062195023105,4.972036632082507,5.423065584621977,-4.005268025374925,-4.077218745018738,-4.663266584299081,-3.951760397695499,5.647936480154238,39,male
1.4810753920839672,-0.41917298147519555,0.4816515856930522,1.1621843175207403,0.10272012770113131,1.3059002554354369,1.3320295977816208,-0.22015456207290363,1.2777704112109394,0.007707673918732616,-0.3326389750441743,1.2120318255800848,-0.09748045139121905,0.5548785889437589,7.758603148709199,42,male
1.0261797706885116,0.5765392404596804,2.367094534594656,0.31406661615865883,1.1666176437902456,0.09107150388004503,0.3019584641952201,1.5384161567969543,0.7001220373783258,1.201529106823797,-0.442679420357836,-0.34396716602616284,0.006156359355066199,0.37910762474907456,6.869948295777687,35,male
-0.6863409421498278,0.2961280952088887,0.9955772714939788,0.6934836662967349,1.1658213126692374,2.8445475837558645,2.8759189044825932,0.7894868626511401,2.480188057985405,0.6481271852884225,-0.4393125943736029,-0.719909319023695,-1.2896245041737546,0.000966370993773058,8.88642858453904,23,female
0.7908045942902941,-0.4603227504912062,0.5460295826489749,0.19304449962437842,1.2802139345081192,1.815935674760166,-0.4736769173181977,0.9676014590159351,-0.17209079152826345,-0.8494105169529571,0.6809908526315922,0.26473159927205503,0.563042953857416,0.4963207575345636,7.609084183642121,35,female
-0.9783846400922579,-0.02302252057228804,-0.13750793348638907,-0.18449883723117483,0.6805084422471146,0.7155884231659946,0.5049920702837956,-1.1252086769370333,0.9006896997104015,-0.09973805007894712,0.050405024889613244,0.04713647876643584,-0.4661724124889151,-0.36418228968673483,6.647613592718538,33,male
1.073291535793233,1.000986536265183,1.4317754608362645,1.6045031755088022,1.3102152172822694,1.2634482701145233,0.34899051174341783,-0.31372479504782347,0.6805768129599981,1.3676834711046224,-0.32157431365443045,-0.6532836470122612,-0.4772654853426551,-2.0825338736917773,5.65972736122108,32,female
-0.28998038932707126,-0.707527009642809,0.0648917296033471,-1.0362882798703286,-0.7621948434523932,-1.798936326977384,-1.19619002916156,0.16091054535248767,0.25899345460386847,0.6123293444422736,2.473192171995421,-0.6719928770171962,-0.25569707140356235,0.6834623312551172,8.196776052073208,25,male
-0.5922464532939379,-2.1282998842240115,-1.1576734597221305,-0.6681993396497921,0.6760551544022442,-0.15911690431214665,0.5050725475744184,-0.35223826764918686,-1.5886351250848616,-1.6303212076848586,1.2000943978089582,1.8006392835459488,0.21673798576206113,0.14290599909984292,4.189838044068075,30,male
0.06091887688283709,0.00909522603196794,-0.8265086228767119,-0.11560111188382177,-0.37557427551413014,-0.9589339756687579,0.45144151564071977,-0.6631898100018425,-0.7031703266360048,-0.6304086255251519,1.7555765875252276,1.3583252604749503,1.1140039951718959,1.5228540971121323,7.968835630413839,24,male
0.15272724167332674,-0.4099131753252137,-0.3125402620079693,1.4766433265749535,1.521724574223108,1.1196498535491384,-0.9371588606288469,-0.22162005336566293,-0.1206632343286903,-0.9456420946456281,0.2503031495008611,0.4507468243442653,0.5502452995834761,0.06431007987620803,5.351432872667691,34,male
1.8391299848360807,1.5219087672992526,1.7876067875469812,1.9731105039901289,1.5528316702972114,1.3209158239018208,2.407935706866893,2.5874921896607046,2.44206909139107,3.8262123085104296,-1.3405004867310235,-2.086045952062528,-1.8892138878699325,-2.269780068754448,8.87842549293496,49,male
-1.7772677707105227,-1.4014212398310464,-1.0503295439433007,-1.0432454152389172,-0.6410877534848614,-0.6323448679627183,-2.9078810467300125,-1.0852437130050443,-1.3698677158637738,-2.033988247294218,2.7661152047206654,1.8889371007394375,1.5646443737802174,1.1579396098915948,7.241949313994042,39,male
0.8721156475228422,1.3074093279886458,0.6753893172079102,0.41362695045214276,1.6994211449024612,2.7950845529818378,1.1597438897178929,0.97420018030333,1.6760794315201397,1.8844078280110332,-0.8503932282041312,-0.9988836918100956,-0.10979778431547627,-1.5267140355510027,7.966185651775163,30,male
-0.8966592980839345,-2.24359081627645,-0.155271833549796,-0.3400951352506193,-1.8390668753854296,-1.3074931213506817,-0.6537186959788197,-2.056467606135444,-2.0388959815744556,-1.5221095769759916,0.9806160098340079,0.07353470398413053,1.340323165675545,1.5267667660805386,7.122983220737079,40,female
-1.5083685354919085,-2.9672199531352694,-0.8574786572410245,-0.5667274868890437,-0.6304563873759583,-0.49605740992676856,-1.101930549864257,-0.12429673995684848,0.5601575577418942,-0.2856293464141286,-0.10711486758496505,1.5434878174162299,0.08840273080315736,1.1506626105718027,4.371434357288505,46,male
0.9466970279576291,0.315204227962693,0.6546287055498654,-0.4162519904863927,1.9922111130248907,1.1241314968956924,0.9939268604399358,1.3359804407593336,-0.25108567173387153,-0.27717156542939936,-4.291426906770006,-2.936287290551044,-2.0785565390249645,-2.1403966602773035,5.708906254906992,39,female
-1.1246656114259521,0.5108666272114789,-1.5136818131436387,0.23286777924151492,0.7727057617754483,0.26127041567306375,0.7155096816715416,-0.607723583873367,-0.40093011100693166,0.46085690318541617,1.1112441333830476,0.2414471471816727,0.6013933328191445,1.1932912973765846,8.008584006417074,18,female
-0.48806184580181355,-0.186439857541009,-1.324672096330696,-0.5651700138212958,-1.1888755632865717,-0.46444155779827356,0.10835964520854624,-1.113590494978282,-0.19577519009306665,-2.045909528967135,0.18420733899121278,0.21795915199798427,0.6786022328925728,1.1928753049354284,7.249983726039766,46,male
-0.3283413390182888,-0.4386808677069892,-0.09856602810318305,-0.8955732731891648,0.17928552248563223,-0.37985281507416424,-2.207574690852115,0.07995088251550853,-1.262013606890737,-0.6756336330457192,1.719545896265101,1.5063299048637464,0.9375888026170899,0.03705114212690741,8.771484857958509,22,female
1.5141680101390573,-0.11670589355996158,0.8218109139026724,-0.10820564079699879,1.228520224435075,0.5113917809401414,-0.19721149364311885,1.1806146190106428,2.003324730526523,0.5059996405215732,-0.8044635493109081,-0.8078480993952782,-2.0408313828210245,-0.5612345685793265,7.604911844555757,52,female
-0.5674965899887462,0.1539154153176675,-0.6168472656933772,-0.20346752072991647,-0.7941836724864475,-1.6951285692703983,-0.3543897090085366,-0.7114549829373812,-0.7398308632086067,-1.8164989141179435,0.051795586947213756,0.018774923400363464,0.5069373944794201,0.36572690618917614,5.54994716394601,27,female
-0.8588231988352433,-1.2957837813456332,-0.6644209178531518,-0.2900720848651958,-0.5617450518768338,-1.660932894838088,1.0575242568162884,0.057611034035531805,0.42902052200007007,-1.133908646687504,0.15649390879799113,1.0694468692178112,0.012947137405161013,0.7967871236313814,5.8059037934190485,36,male
-0.0010617835412573273,0.34598237912950897,-1.049979682096411,0.150636526522,-1.078967123232047,-1.2060952365513273,-0.5289004004754189,1.5776888301655165,1.601683086594088,1.0111064483793553,-0.34761985526769407,0.8963653430258958,0.5639843282620536,0.4906470378422717,7.154376085784856,54,male
-1.4693342954710382,-0.9032793360704066,-1.5070288880516718,-1.0391923760770259,-0.3667887393914544,0.302494230839925,-1.902836021926531,-1.4209156445319981,0.46549149850823235,-0.8179236192802649,0.6914468193200743,0.7369660983728645,1.195379332470336,0.5689778981083558,3.528933900999842,24,male
2.377985366783681,2.560172970673462,2.4412942498880965,3.0079961976277123,2.739834400402791,1.2302827459302084,3.593692096898346,1.3427787894142509,1.94429697948464,1.6347028998401087,-2.0238417911808915,-1.726490977398943,-2.767723516436279,-2.7753239644115437,9.510162828434478,52,male
-0.4737990679293933,2.5893803852139725,1.0602618692508146,1.4076985645406381,1.781895861611959,0.883662263441028,1.8671360628107092,0.837672170617985,0.8441924689971128,1.6030672938278396,0.1778586947019259,1.183424283333854,-0.8412023398463508,0.0022936046536879973,7.662620104566336,30,male
-3.1929269627020314,-2.1806580922744465,-2.1048832643327366,-2.3219043554140666,-1.6726787784290291,-0.5446815590139297,-0.7746294488170056,-0.5640497119368884,-1.4695516561608362,-0.6089977485525756,1.347179769379638,3.4303634500911118,1.5420231461132485,3.360096068427545,8.84055189557331,27,female
-0.7532855024509202,-0.36209799534073417,0.029018123681187016,0.6530939491917532,-0.4734067643522108,-1.1911685732015727,-0.8814043498561618,-0.16151224757044141,-0.19077932303658582,-0.618130897752335,0.6410241406002715,0.136517733138262,0.05614916016738958,-0.08831971355917556,4.629094088786246,19,female
0.5065752542203352,-0.17654207869556382,-0.1536958491214442,-0.8814067926304453,-1.3172641792978999,-0.0403279331833378,-0.2039458041167218,-1.0407184608006306,0.2608261509653699,-0.601505524680362,-0.048241316211130925,2.04399343555532,0.66424339400893,0.669442635234247,8.866847740532883,23,male
1.7614167608419973,-0.6743657333877331,0.10176260240323676,0.8425363349974159,0.4707091384408585,1.401979788940928,0.633186855952088,0.9858043121822406,1.2059806072475794,1.5531198291313917,0.006051905575984895,-0.21677670894008505,0.05456711222026456,-0.322869209853651,10.347248366541622,25,female
-0.4477891353763598,-0.8609738741624704,0.11450521174164457,0.8918397624130474,-0.11965323585330401,-0.8085030679238419,-0.5856566800280126,-1.3713286909801026,-0.508082081496489,-1.8911573889023994,1.4871711990744925,1.4733284440628316,0.3862765260113652,1.6744457211634787,5.018682466934024,53,female
-0.7977650750287155,-0.9660875754748808,-0.3849088077231352,-0.8322219955703697,-0.10387346084333568,2.2305554435831403,1.238374311308338,0.07626467062543624,1.7199687777785693,0.7293241035122986,1.048536884928861,-0.48311621194076837,1.0009434468165936,0.3097909705069332,8.15710269235565,42,female
0.8189258821173254,0.4030274893838838,1.114302561533058,0.1765456179047391,0.39196212483988446,-1.224393213015429,0.55921819699549,1.1151821764539391,0.696876214049543,0.8162796657397016,-0.4133431776787449,-0.5337465354003408,-1.6058080606414384,-2.397597702728522,7.00166491703094,57,female
2.399854316324805,1.693187914922677,1.2183151146317652,1.1300772824839291,0.923607893063679,1.798070038180862,0.30279681337281616,-0.03167676957856125,1.1467004201092375,1.404704566798233,-1.2238301445958912,-2.08314768138364,-1.9071077656575888,-0.5627385222332273,4.683349227627634,24,male
-3.0852658510528226,-3.011812609786961,-3.9434587010292916,-3.198861783259092,-0.8902303831941557,-1.2380315191267732,-0.15352278793557173,-0.1606857201836498,-2.3500698967607585,-2.6425592109494365,2.5231777587481146,1.9797815533574135,1.169497872779507,1.9324946666409968,7.739325957777805,40,male
-0.5660905756618371,0.051772603550943264,0.03505803465140023,-1.282282199265579,-0.8916595767078409,0.45206850454879866,0.13091689417233487,0.25304907107902136,-2.168222807830559,-0.859660400916473,-0.19074319098437592,0.7585791392269973,1.1812245599848792,-1.2112404823956315,8.250404807256022,36,male
0.49622909327701464,-0.1862643021279482,-0.521595466776569,-0.4457649165837064,-0.2707143744633164,-0.02144598301757511,0.15058506789419418,-0.25947968518596853,-0.7512198441474393,-1.6378671315849838,0.3076885988831369,-1.2415034754253402,0.01827535695919616,-0.21466118395961137,6.098310170996729,39,female
-0.40408600663731653,-0.7613621503922383,-1.3587949604253926,-1.7387488390202575,-1.5194743422487709,0.0611114994047377,1.6008994388767572,-1.69741233228854,-1.4397316357674697,-1.30343380578441,0.18622283252427163,0.9310868371482691,-0.5943591894643843,2.0442389426203866,8.748874780382835,30,female
2.0837343085858717,1.7215008754077088,2.436462415306547,1.9619600107314734,1.3157569374420497,1.6068817228769772,0.6684780734959532,2.457748268538207,2.2023588994532637,2.899227977731172,-1.7540953776831114,-0.3610096512083024,-2.545534939367154,-0.13285521164377267,4.499854889816204,38,male
0.803721382400044,0.2116225963043306,-0.17141973034034547,0.7345831392536983,-1.0018480371405514,-1.1610477825187544,0.11440532836552265,-1.0217052333655068,0.15197217973223287,1.0291983220139784,-0.32587661742760954,-0.5250211962123362,-0.37052521215024803,0.26270209328233646,4.757865780325534,18,male
-3.109851665698061,-0.640020275331251,-0.4756335917659601,-1.8530183867014394,-0.7282580559646563,-1.1501809671474519,-1.944472403498878,-2.1238438140099607,-1.7988627395010346,-2.10305596532085,2.188053943325862,1.925645012136182,1.8449400596874632,1.2920217568626233,7.2048960933831285,36,female
1.3145360530303716,0.23303217836110612,1.2719274940624246,1.9035220759079743,1.1843085344098068,0.8488343136680168,-0.4573782102811703,0.1867252836031243,0.6306130656966477,-0.507133858563531,-0.24615105171325782,0.1790613526018017,0.19606462560191984,-0.008663281568400148,7.038077916958407,50,male
2.24819424965334,2.245365685489857,3.1845457540828708,3.063601689811853,2.130132320735631,2.250524751409546,2.0461596176828185,2.7099194664148594,1.8629529309491666,2.607445736383005,-2.166921177786836,-1.7626174449015104,-1.8844805332076557,-2.0934276708566375,5.925139767363842,21,male
-0.12176734559776636,0.9470674620580881,0.20350668436137942,1.8810820921385933,2.691677885116489,2.367656353665928,3.385063112214019,-0.40408940791431847,-0.15192593570171964,0.5785242208186112,-0.016443374614011685,0.07845581189124237,1.0819580147930172,1.0581441448272368,8.21439165395783,59,female
-0.9927268152489259,-2.292678281347663,-0.5022078451459321,-1.8110528226129081,-1.473359406536472,-0.5517839538122884,-2.0971722631131127,-0.954216541775515,-0.0052460186143266085,0.18899367194575267,1.4277951191787595,0.9505182258747888,1.4244109342537934,1.1890351042232084,7.796341471323924,20,female
0.2713884256865853,-1.2636530577325336,-0.5072971840637859,-0.09200489698085412,0.4535470187999011,-0.6659446258821963,-0.7922036474756188,-0.08523498235769991,-0.13131728065727602,0.22278407391195112,-0.1896672877154824,-1.1812184099091767,0.2302900825071202,-0.9602070651306007,8.287208606401023,44,male
0.9268940769109917,0.6897534256691147,0.7646140396780339,0.25875430687365697,1.5032674576167777,0.2339855269716038,1.2991134171868497,-0.05421646493697874,1.2914116551683759,0.11285434349847123,-1.9383206902594077,-0.39369357851563447,-2.0326507581528483,-0.1830481278491456,6.815295346971599,58,female
-0.2569363764865341,-0.311876133029682,-0.8235766323890155,-0.30077530894303517,-0.6375503884788409,-0.9705162219799144,-0.3858069462662519,0.8324929062842539,0.08436094271841332,-0.5146414112910909,1.7949063617268788,0.9118694369233878,0.2647851750035233,0.8671956392020764,7.903870401967511,52,male
1.7696402799274287,0.8248384296367244,-0.6023191636934471,0.7613330371908488,0.9626420090338037,0.9984221401298745,0.08851826924472454,0.4279089394221993,0.4798233517938202,-0.15135640269922468,-0.26473865979547795,0.10409837767008705,-1.063872027557127,1.16598409771281,6.331524545455008,45,female
1.4845819305280383,0.6996547509764863,0.8501987810556748,0.9514176670085539,0.31669450361894813,2.096534746301277,0.1816485078950152,0.47544511585110877,0.6711361228050128,1.0756546460059568,0.06728906201234136,-0.7347664074200044,-0.6304350882632122,-0.9081019226807395,10.080728035129894,23,female
0.3659321274300985,-0.18641446961229602,-1.5026030988573265,-1.6049592670672725,-1.4026288742218045,-0.9921462665708709,-0.6625182410943186,-2.492997889353184,-2.16765327853429,-1.3446155528539636,-0.031296538589516976,0.6440702877496698,0.8253196274997563,0.8193576273490185,5.781181344817021,23,male
1.497664287011244,0.8820147913813416,0.03130584317044527,0.3516261536672961,-1.2434102198282062,-0.7851954904831242,-1.3471321974715644,0.5334089762297988,1.4218248549903538,2.380499429204037,-0.0844356707005301,0.18021449405881473,-0.47275271752431886,-1.19831285147365,10.157946144187468,40,female
-2.7529014411221113,-2.532379593403004,-3.87135641870575,-2.387645235575857,-2.837799135048852,-3.100744801899678,-4.0004599328890285,-3.940985063287259,-4.12410560076769,-3.3458798408246024,3.607116936896208,2.902084854118441,3.1800740584470546,3.141909588422557,7.052331920634113,50,male
-2.308775475746228,-1.2596546344709578,-0.4085175449252627,-1.8512430103751507,-0.8660391547187059,0.6944809869006824,0.7097657495730825,-1.9980137198103514,-3.1325388634520137,-1.0331000105382455,0.8680688646337673,-0.3396178850814583,-0.050159917338569726,-0.4358554416695194,4.936733665646885,33,female
0.17579506799784814,0.533792454268552,-0.09244556589613995,0.6722832141581983,0.29719565033137396,-0.09317072005110844,0.11190757725407618,-0.001583452983406064,-0.044224653900212185,-0.1472943682459194,-0.7337935387690555,0.48286266936892025,-0.17086216459845202,-0.379036968177675,9.052119025732901,41,male
-2.0420934851969594,-1.8597519288037327,-0.37821147153407586,-2.4088173329977973,-1.6228320421917237,-0.08278175640821717,-1.4054712781370857,-0.537830113971453,0.5277659482054579,-0.8373980505159128,1.7167561168938081,1.398658719469852,0.4938597161511302,0.5366946787254718,7.1888520825924385,22,female
2.133008938591178,-1.093822974450792,0.23828801220609985,1.207070985209376,2.0220974771439035,1.1605178452682705,1.9356962810380796,2.548214982734963,2.1163844577167197,2.9196032458791814,-1.6255983810700045,-0.7754819458829886,0.1568012308366431,-0.3117127885220515,8.276686147570357,58,female
-2.0573046021219703,-2.0281799469497477,-3.1293351037343973,-2.796950853757291,-1.6621589394566967,-1.5275185122798722,-0.5108903740662273,0.0093452700101464,-1.3206551996946365,-0.8558102913668726,1.4505428643047935,2.7527819573517807,1.4149388918435226,2.1290896807038795,8.83578387781389,59,male
-1.2891970824607717,-0.3795167519399535,-2.1570075551739727,-0.9888304908342453,-1.3851946607445305,0.05123979540733206,0.04626540938408927,-0.04474625287695162,0.5477962382698152,-0.067456253825716,0.5626921263481197,-0.17228943446596345,-0.5001173276511923,-1.36908095565965,7.506933331217538,30,female
0.3410235984937643,0.6033346168345517,0.8200519692702941,0.39292548881763756,1.3248829975432614,1.5883855230773054,1.7686551350021862,1.2547311071140355,0.05906709759499923,0.828608393119338,0.6492521057734985,0.29398932800708677,1.203818986734837,1.02528077867438,6.111638732780778,29,male
1.481004191121609,2.126260717874711,1.341353754105224,0.962742205760189,0.014221192525247117,1.201832329035748,1.1445621347073955,0.8475822363520743,0.7407753311894685,2.0469674216802423,-0.8323294859649868,-1.6682039896521177,-1.7125301192277504,0.9052330427506076,8.463570066503875,22,female
0.588892233259729,0.26764801022255447,-0.9814446025852186,-0.1902248980824892,-1.8830546057084943,-2.4460835367662566,-0.9166221564469037,-1.184833431689113,-1.4077082228625974,-0.39659463729725863,0.448606095873759,0.9772020823740762,0.34305971919737,1.163175169735187,7.001133261181893,54,female
0.8907728858229246,1.3886877527100472,1.4386401971339924,1.5089370233705302,-0.4843163890352713,1.0904894083941956,0.6980541463005747,0.4471064808511511,0.8763425382567818,2.1217542135027667,-0.7782609369694831,-0.8035041038453976,-1.9975265628994139,-1.6789523176486698,8.028786727912628,48,male
0.03690801528122481,0.03880379179907184,0.2519307119324364,-0.47650650271976186,1.0358612405101932,0.14956279483053458,-0.2193955984272607,-1.054910952202505,-0.6974359267574519,0.3598907437080687,0.010677902733629147,-1.091650577343858,-0.05039893084462583,1.9741424500471438,3.769404139312808,45,female
-1.0865352704448399,-0.9991621872602514,0.21537331067551624,-1.2727941393095519,-0.36011823196254433,-1.639464007879457,-1.8871148995832718,-1.8760509307026143,-1.4812558646103726,-0.7664289346872393,-1.0351614242544653,0.7296510596878276,0.8912016352531491,-0.33421845430492647,7.670472575514777,45,female
-1.5674799380951656,-0.8647151794596066,0.3704852806843766,-2.0173021644114772,1.4334100599122008,2.3081923667960114,1.5602515040333607,1.1560954699193846,0.6658198889026323,0.6816097225272268,0.40987762108022135,-0.06740950648997683,0.3798095703411423,-0.12388873053297236,6.042121262282455,47,male
-0.11137138900594679,0.747906779467552,0.065028922575393,0.5616220077375386,0.8248487204136523,0.7593931424930069,-0.6421143961907314,0.01759236854452917,-0.6539207046216937,-0.970237523948456,-0.27649675358614534,-0.23063255096615326,1.5408629523691173,-0.13379817903501443,9.479964455767796,35,female
-0.24071003814919967,0.6279348258028601,-1.143017660472738,-1.3101462201687497,-1.0807440855653605,-0.3943153532658904,-0.9351208099092914,-0.4792833851180898,-0.4344999396758032,-0.11979141811697158,1.651698972700459,1.5359943281730788,-0.764619618828226,1.7515864334289988,7.934631021833643,44,male
-0.9700025950619837,-0.7671034308766015,-0.958916650686195,-0.6027500982909861,0.4420262020227079,0.11730914061686834,-0.5091723028676418,-1.4973838605083913,0.8448919203753562,-1.4006400167869228,-1.2802375370810322,-0.27944121349710394,-0.08743326150397718,-0.2617308913023171,7.359786618773945,52,male
-0.29813126116999483,-0.12856906065428375,0.36875977934972465,0.002149673484129977,0.34875034346538125,0.5967234796434168,-0.5374814124671756,-1.0745047114412014,-1.1771234585599406,-0.19938416886252752,-2.057108222537145,1.2012347755495658,-0.22340695410050684,-0.18245928035186096,7.729464990025332,43,male
-0.7016566755718285,0.2831351201980732,-0.39186569934897253,0.7581654918051919,1.561797615121628,0.7737914090086783,2.8643235402999316,0.41465442705920214,0.398308465079256,-0.6327016370082372,0.44303203450426726,-0.44783932725318765,-0.16281727055950376,-0.41815572560893155,5.502338720684922,56,female
0.39631281673055974,0.8753314418210265,-0.21551892285588392,0.24305486792774114,1.2873437381356239,0.4177183234757439,1.3286336314527685,1.481007178398365,1.0016824638739523,1.5581941184496593,-0.6444526768895492,-0.7534000535140866,-1.2823877403446444,-1.087822524739225,9.434885035792082,35,female
0.8491034873767931,0.8917093779050154,2.1430592662834145,1.6717942987555305,1.8540415668321026,-0.1653713863401851,2.6855543463872236,0.7545196107099867,1.4527233152256276,1.4535673482481974,-1.9060050298531659,-0.6634081400556863,-1.3586736600942309,-1.4273840431902505,9.987055627625356,50,male
0.42957010465807066,-1.7097957371207178,-0.1365257160239669,0.40984042307715574,-0.5136284963147968,-0.10221610844025819,-1.5717615739812079,-2.646288294252348,-2.4325011580308766,-1.635693512486339,0.3530477239129234,0.28951926039099185,2.217164790241964,1.0714751298688259,7.589370265822325,42,female
2.281674329239667,1.8385907075414059,2.2469243989736247,2.458507122544397,1.315557914109615,1.3809338637601207,2.523856744407047,1.5933648714669963,1.303088306305916,1.6144716482215618,-0.09203859117639257,-1.3512845103163813,-1.4310828828705917,-2.415628337682664,9.385605352860459,48,male
-2.848263555997785,-2.6824762045122448,-2.3589242406623825,-1.606668336344389,-1.7007665433501096,0.023659743245814102,-1.934189474297352,-1.106298568866361,-1.230069147245406,-2.5980313762427265,2.2044557855513847,4.045654529556019,2.4346204004492096,1.3725567601562216,6.146277701991199,54,female
-0.5979118987406098,-0.737163683158823,-0.5427460447497425,-0.05297823193973705,0.05428274411039173,-0.09090506814911656,-0.34680741641054613,-2.1803182665747007,1.001324258885792,-0.34853905009180297,-0.045726487967581275,-0.5693020235696142,0.38831325530996763,0.32120428043150007,5.804329650662529,19,male
-0.3631144621612275,0.05994879857995056,-0.4835681792356324,-0.9115054644927933,0.4740318230847026,0.2605042737392229,-0.2340177273005556,0.3625138486501633,-0.025229773907023967,0.0714560877031668,-1.924183491632833,-1.1152068506833277,-2.5274918881841772,-1.817092378875292,7.061387123093384,50,male
0.9195819333005817,0.37888588969104603,1.319298663794506,1.2259118519980428,-0.21482332419055938,0.13690554882203337,1.4440280875902802,0.6561520561625752,0.2643802033164848,1.1728206218166668,-2.5070320542172895,-0.9846570919493509,-1.9753136169517282,-1.9315157885027987,7.652411557551848,56,female
-0.11242612055882617,-0.03401415864550561,-0.32606689846840053,-0.6220132769655057,1.6198259433757547,-0.26997494127459337,-0.3457085042003718,-0.5121433552910623,-1.1510578564302851,-1.1059437651383264,1.134810798777051,0.7544823025991618,-0.2705858410020965,1.1362101773929059,6.409019978135319,49,male
-1.4849598604996,0.056382203474045045,-1.4646706353142447,-0.884017321751127,1.2635946789189076,1.1950907818450323,0.9499843738272182,0.3295658116819104,0.12162469681252769,0.12136019248733143,-0.25373001478922175,-1.3423390170503593,-0.5573970006752493,-0.019946726411587033,7.806652285552726,35,male
-0.6513114026381992,-0.5214976063138114,-1.3824872601760783,-0.9026859896133321,0.18211890516955448,-1.9808299786797394,0.18352070360677858,-0.7522137589517714,-0.9755281137495855,-1.8303119506285834,1.4921858104250991,1.2780591393262035,1.885289546186286,0.5495738695876355,7.459584223110121,34,female
-0.4619678009676639,0.08567015675936573,-1.3974453226340708,-0.3773899454103574,-0.005601609251013252,0.8378483581120968,1.5565197143237177,-1.4500069336111723,0.00881847684386361,-1.3025811409189716,0.2269923727610425,-0.6671299090506946,0.3792419621681511,0.5393943246035512,5.502539837063417,51,male
1.4863712031798246,0.21924996721796042,0.56141639557967,0.9222854005832858,1.2857036133130548,1.6708663290150567,0.39863893604605405,-0.32610843189402194,-0.6889813852823525,0.688446018821534,-0.5723386552705606,0.4355450092188762,-0.6527871076805898,-1.4903367435056913,7.778189526177582,56,male
1.0250230978603794,1.603163709288185,0.8173788792407444,1.1094874346919712,0.3817520594682461,0.2031798279837601,1.92955824933457,-0.714618310743768,-2.110332289937758,0.1602103553690017,0.3089576244412259,0.33346270457262306,-0.5737002914273668,1.6117596567524417,8.295292363782282,24,female
-1.474296326905201,-1.0009527952628496,-1.9626694484769986,0.05403895259380076,-0.3143182885026291,-1.1212733266002992,0.4339539578146764,0.22847005136553733,-0.8197869466875591,0.7014917351833877,0.8111517217770612,1.4538125090071963,2.2581643591700313,2.06272839779393,7.257203976385586,59,male
0.5413246528199325,1.2339988398554138,0.11936053859884599,1.5218991171575451,0.996467613374749,1.9895159543205656,0.13467564865589932,1.865199145237012,1.657891107250506,0.32616074974989684,0.4714812669783054,0.7535595902364123,0.29889117565224677,-0.14877808019157335,8.728972154892539,52,male
-0.7393004367769866,-0.9323824001426532,-0.8848524974715932,-1.1006357724165285,-0.48857603874386624,-0.28119845186664105,1.0856496996244824,1.0809288696936328,-0.5124091240387341,1.3373381993455593,-1.0676766343057342,-0.4883421775791597,0.8100215914461608,-0.22473384480218345,5.173894309754572,47,male
1.3439204858199232,-0.49691564741034067,0.735802619380165,1.0261644820151383,1.6500400941645668,0.6087712446759671,1.6514180762114987,1.2253577618325049,-1.180523451914339,-0.5939550065367005,-1.736081076032169,-0.8376356825364155,-1.6257643802462651,-0.3743082512277657,7.701925633197778,29,male
0.8331972425163979,1.3908018490635583,0.8668201243714136,1.748532412120825,0.11247967225267008,1.0172811860853046,0.06192762446260877,1.5774468107807103,1.7115246412639804,0.4757664761459319,0.18406097896807683,-0.285714778848986,-0.1153217661645678,0.09558815178528207,5.244578940404837,52,male
